series_title,released_year,certificate,runtime,genre,imdb_rating,meta_score,gross,genre1,genre2,genre3
The Shawshank Redemption,1994,A,142 min,Drama,9.3,80.0,"28,341,469",Drama,,
The Godfather,1972,A,175 min,"Crime, Drama",9.2,100.0,"134,966,411",Crime,Drama,
The Dark Knight,2008,UA,152 min,"Action, Crime, Drama",9.0,84.0,"534,858,444",Action,Crime,Drama
The Godfather: Part II,1974,A,202 min,"Crime, Drama",9.0,90.0,"57,300,000",Crime,Drama,
12 Angry Men,1957,U,96 min,"Crime, Drama",9.0,96.0,"4,360,000",Crime,Drama,
The Lord of the Rings: The Return of the King,2003,U,201 min,"Action, Adventure, Drama",8.9,94.0,"377,845,905",Action,Adventure,Drama
Pulp Fiction,1994,A,154 min,"Crime, Drama",8.9,94.0,"107,928,762",Crime,Drama,
Schindler's List,1993,A,195 min,"Biography, Drama, History",8.9,94.0,"96,898,818",Biography,Drama,History
Inception,2010,UA,148 min,"Action, Adventure, Sci-Fi",8.8,74.0,"292,576,195",Action,Adventure,Sci-Fi
Fight Club,1999,A,139 min,Drama,8.8,66.0,"37,030,102",Drama,,
The Lord of the Rings: The Fellowship of the Ring,2001,U,178 min,"Action, Adventure, Drama",8.8,92.0,"315,544,750",Action,Adventure,Drama
Forrest Gump,1994,UA,142 min,"Drama, Romance",8.8,82.0,"330,252,182",Drama,Romance,
"Il buono, il brutto, il cattivo",1966,A,161 min,Western,8.8,90.0,"6,100,000",Western,,
The Lord of the Rings: The Two Towers,2002,UA,179 min,"Action, Adventure, Drama",8.7,87.0,"342,551,365",Action,Adventure,Drama
The Matrix,1999,A,136 min,"Action, Sci-Fi",8.7,73.0,"171,479,930",Action,Sci-Fi,
Goodfellas,1990,A,146 min,"Biography, Crime, Drama",8.7,90.0,"46,836,394",Biography,Crime,Drama
Star Wars: Episode V - The Empire Strikes Back,1980,UA,124 min,"Action, Adventure, Fantasy",8.7,82.0,"290,475,067",Action,Adventure,Fantasy
One Flew Over the Cuckoo's Nest,1975,A,133 min,Drama,8.7,83.0,"112,000,000",Drama,,
Hamilton,2020,PG-13,160 min,"Biography, Drama, History",8.6,90.0,,Biography,Drama,History
Gisaengchung,2019,A,132 min,"Comedy, Drama, Thriller",8.6,96.0,"53,367,844",Comedy,Drama,Thriller
Soorarai Pottru,2020,U,153 min,Drama,8.6,,,Drama,,
Interstellar,2014,UA,169 min,"Adventure, Drama, Sci-Fi",8.6,74.0,"188,020,017",Adventure,Drama,Sci-Fi
Cidade de Deus,2002,A,130 min,"Crime, Drama",8.6,79.0,"7,563,397",Crime,Drama,
Sen to Chihiro no kamikakushi,2001,U,125 min,"Animation, Adventure, Family",8.6,96.0,"10,055,859",Animation,Adventure,Family
Saving Private Ryan,1998,R,169 min,"Drama, War",8.6,91.0,"216,540,909",Drama,War,
The Green Mile,1999,A,189 min,"Crime, Drama, Fantasy",8.6,61.0,"136,801,374",Crime,Drama,Fantasy
La vita è bella,1997,U,116 min,"Comedy, Drama, Romance",8.6,59.0,"57,598,247",Comedy,Drama,Romance
Se7en,1995,A,127 min,"Crime, Drama, Mystery",8.6,65.0,"100,125,643",Crime,Drama,Mystery
The Silence of the Lambs,1991,A,118 min,"Crime, Drama, Thriller",8.6,85.0,"130,742,922",Crime,Drama,Thriller
Star Wars,1977,UA,121 min,"Action, Adventure, Fantasy",8.6,90.0,"322,740,140",Action,Adventure,Fantasy
Seppuku,1962,,133 min,"Action, Drama, Mystery",8.6,85.0,,Action,Drama,Mystery
Shichinin no samurai,1954,U,207 min,"Action, Adventure, Drama",8.6,98.0,"269,061",Action,Adventure,Drama
It's a Wonderful Life,1946,PG,130 min,"Drama, Family, Fantasy",8.6,89.0,,Drama,Family,Fantasy
Joker,2019,A,122 min,"Crime, Drama, Thriller",8.5,59.0,"335,451,311",Crime,Drama,Thriller
Whiplash,2014,A,106 min,"Drama, Music",8.5,88.0,"13,092,000",Drama,Music,
The Intouchables,2011,UA,112 min,"Biography, Comedy, Drama",8.5,57.0,"13,182,281",Biography,Comedy,Drama
The Prestige,2006,U,130 min,"Drama, Mystery, Sci-Fi",8.5,66.0,"53,089,891",Drama,Mystery,Sci-Fi
The Departed,2006,A,151 min,"Crime, Drama, Thriller",8.5,85.0,"132,384,315",Crime,Drama,Thriller
The Pianist,2002,R,150 min,"Biography, Drama, Music",8.5,85.0,"32,572,577",Biography,Drama,Music
Gladiator,2000,UA,155 min,"Action, Adventure, Drama",8.5,67.0,"187,705,427",Action,Adventure,Drama
American History X,1998,R,119 min,Drama,8.5,62.0,"6,719,864",Drama,,
The Usual Suspects,1995,A,106 min,"Crime, Mystery, Thriller",8.5,77.0,"23,341,568",Crime,Mystery,Thriller
Léon,1994,A,110 min,"Action, Crime, Drama",8.5,64.0,"19,501,238",Action,Crime,Drama
The Lion King,1994,U,88 min,"Animation, Adventure, Drama",8.5,88.0,"422,783,777",Animation,Adventure,Drama
Terminator 2: Judgment Day,1991,U,137 min,"Action, Sci-Fi",8.5,75.0,"204,843,350",Action,Sci-Fi,
Nuovo Cinema Paradiso,1988,U,155 min,"Drama, Romance",8.5,80.0,"11,990,401",Drama,Romance,
Hotaru no haka,1988,U,89 min,"Animation, Drama, War",8.5,94.0,,Animation,Drama,War
Back to the Future,1985,U,116 min,"Adventure, Comedy, Sci-Fi",8.5,87.0,"210,609,762",Adventure,Comedy,Sci-Fi
Once Upon a Time in the West,1968,U,165 min,Western,8.5,80.0,"5,321,508",Western,,
Psycho,1960,A,109 min,"Horror, Mystery, Thriller",8.5,97.0,"32,000,000",Horror,Mystery,Thriller
Casablanca,1942,U,102 min,"Drama, Romance, War",8.5,100.0,"1,024,560",Drama,Romance,War
Modern Times,1936,G,87 min,"Comedy, Drama, Family",8.5,96.0,"163,245",Comedy,Drama,Family
City Lights,1931,G,87 min,"Comedy, Drama, Romance",8.5,99.0,"19,181",Comedy,Drama,Romance
Capharnaüm,2018,A,126 min,Drama,8.4,75.0,"1,661,096",Drama,,
Ayla: The Daughter of War,2017,,125 min,"Biography, Drama, History",8.4,,,Biography,Drama,History
Vikram Vedha,2017,UA,147 min,"Action, Crime, Drama",8.4,,,Action,Crime,Drama
Kimi no na wa.,2016,U,106 min,"Animation, Drama, Fantasy",8.4,79.0,"5,017,246",Animation,Drama,Fantasy
Dangal,2016,U,161 min,"Action, Biography, Drama",8.4,,"12,391,761",Action,Biography,Drama
Spider-Man: Into the Spider-Verse,2018,U,117 min,"Animation, Action, Adventure",8.4,87.0,"190,241,310",Animation,Action,Adventure
Avengers: Endgame,2019,UA,181 min,"Action, Adventure, Drama",8.4,78.0,"858,373,000",Action,Adventure,Drama
Avengers: Infinity War,2018,UA,149 min,"Action, Adventure, Sci-Fi",8.4,68.0,"678,815,482",Action,Adventure,Sci-Fi
Coco,2017,U,105 min,"Animation, Adventure, Family",8.4,81.0,"209,726,015",Animation,Adventure,Family
Django Unchained,2012,A,165 min,"Drama, Western",8.4,81.0,"162,805,434",Drama,Western,
The Dark Knight Rises,2012,UA,164 min,"Action, Adventure",8.4,78.0,"448,139,099",Action,Adventure,
3 Idiots,2009,UA,170 min,"Comedy, Drama",8.4,67.0,"6,532,908",Comedy,Drama,
Taare Zameen Par,2007,U,165 min,"Drama, Family",8.4,,"1,223,869",Drama,Family,
WALL·E,2008,U,98 min,"Animation, Adventure, Family",8.4,95.0,"223,808,164",Animation,Adventure,Family
The Lives of Others,2006,A,137 min,"Drama, Mystery, Thriller",8.4,89.0,"11,286,112",Drama,Mystery,Thriller
Oldeuboi,2003,A,101 min,"Action, Drama, Mystery",8.4,77.0,"707,481",Action,Drama,Mystery
Memento,2000,UA,113 min,"Mystery, Thriller",8.4,80.0,"25,544,867",Mystery,Thriller,
Mononoke-hime,1997,U,134 min,"Animation, Action, Adventure",8.4,76.0,"2,375,308",Animation,Action,Adventure
Once Upon a Time in America,1984,A,229 min,"Crime, Drama",8.4,,"5,321,508",Crime,Drama,
Raiders of the Lost Ark,1981,A,115 min,"Action, Adventure",8.4,85.0,"248,159,971",Action,Adventure,
The Shining,1980,A,146 min,"Drama, Horror",8.4,66.0,"44,017,374",Drama,Horror,
Apocalypse Now,1979,R,147 min,"Drama, Mystery, War",8.4,94.0,"83,471,511",Drama,Mystery,War
Alien,1979,R,117 min,"Horror, Sci-Fi",8.4,89.0,"78,900,000",Horror,Sci-Fi,
Anand,1971,U,122 min,"Drama, Musical",8.4,,,Drama,Musical,
Tengoku to jigoku,1963,,143 min,"Crime, Drama, Mystery",8.4,,,Crime,Drama,Mystery
Dr. Strangelove or: How I Learned to Stop Worrying and Love the Bomb,1964,A,95 min,Comedy,8.4,97.0,"275,902",Comedy,,
Witness for the Prosecution,1957,U,116 min,"Crime, Drama, Mystery",8.4,,"8,175,000",Crime,Drama,Mystery
Paths of Glory,1957,A,88 min,"Drama, War",8.4,90.0,,Drama,War,
Rear Window,1954,U,112 min,"Mystery, Thriller",8.4,100.0,"36,764,313",Mystery,Thriller,
Sunset Blvd.,1950,Passed,110 min,"Drama, Film-Noir",8.4,,,Drama,Film-Noir,
The Great Dictator,1940,Passed,125 min,"Comedy, Drama, War",8.4,,"288,475",Comedy,Drama,War
1917,2019,R,119 min,"Drama, Thriller, War",8.3,78.0,"159,227,644",Drama,Thriller,War
Tumbbad,2018,A,104 min,"Drama, Fantasy, Horror",8.3,,,Drama,Fantasy,Horror
Andhadhun,2018,UA,139 min,"Crime, Drama, Music",8.3,,"1,373,943",Crime,Drama,Music
Drishyam,2013,U,160 min,"Crime, Drama, Thriller",8.3,,,Crime,Drama,Thriller
Jagten,2012,R,115 min,Drama,8.3,77.0,"687,185",Drama,,
Jodaeiye Nader az Simin,2011,PG-13,123 min,Drama,8.3,95.0,"7,098,492",Drama,,
Incendies,2010,R,131 min,"Drama, Mystery, War",8.3,80.0,"6,857,096",Drama,Mystery,War
Miracle in cell NO.7,2019,TV-14,132 min,Drama,8.3,,,Drama,,
Babam ve Oglum,2005,,112 min,"Drama, Family",8.3,,,Drama,Family,
Inglourious Basterds,2009,A,153 min,"Adventure, Drama, War",8.3,69.0,"120,540,719",Adventure,Drama,War
Eternal Sunshine of the Spotless Mind,2004,UA,108 min,"Drama, Romance, Sci-Fi",8.3,89.0,"34,400,301",Drama,Romance,Sci-Fi
Amélie,2001,U,122 min,"Comedy, Romance",8.3,69.0,"33,225,499",Comedy,Romance,
Snatch,2000,UA,104 min,"Comedy, Crime",8.3,55.0,"30,328,156",Comedy,Crime,
Requiem for a Dream,2000,A,102 min,Drama,8.3,68.0,"3,635,482",Drama,,
American Beauty,1999,UA,122 min,Drama,8.3,84.0,"130,096,601",Drama,,
Good Will Hunting,1997,U,126 min,"Drama, Romance",8.3,70.0,"138,433,435",Drama,Romance,
Bacheha-Ye aseman,1997,PG,89 min,"Drama, Family, Sport",8.3,77.0,"933,933",Drama,Family,Sport
Toy Story,1995,U,81 min,"Animation, Adventure, Comedy",8.3,95.0,"191,796,233",Animation,Adventure,Comedy
Braveheart,1995,A,178 min,"Biography, Drama, History",8.3,68.0,"75,600,000",Biography,Drama,History
Reservoir Dogs,1992,R,99 min,"Crime, Drama, Thriller",8.3,79.0,"2,832,029",Crime,Drama,Thriller
Full Metal Jacket,1987,UA,116 min,"Drama, War",8.3,76.0,"46,357,676",Drama,War,
Idi i smotri,1985,A,142 min,"Drama, Thriller, War",8.3,,,Drama,Thriller,War
Aliens,1986,U,137 min,"Action, Adventure, Sci-Fi",8.3,84.0,"85,160,248",Action,Adventure,Sci-Fi
Amadeus,1984,R,160 min,"Biography, Drama, History",8.3,88.0,"51,973,029",Biography,Drama,History
Scarface,1983,A,170 min,"Crime, Drama",8.3,65.0,"45,598,982",Crime,Drama,
Star Wars: Episode VI - Return of the Jedi,1983,U,131 min,"Action, Adventure, Fantasy",8.3,58.0,"309,125,409",Action,Adventure,Fantasy
Das Boot,1981,R,149 min,"Adventure, Drama, Thriller",8.3,86.0,"11,487,676",Adventure,Drama,Thriller
Taxi Driver,1976,A,114 min,"Crime, Drama",8.3,94.0,"28,262,574",Crime,Drama,
The Sting,1973,U,129 min,"Comedy, Crime, Drama",8.3,83.0,"159,600,000",Comedy,Crime,Drama
A Clockwork Orange,1971,A,136 min,"Crime, Drama, Sci-Fi",8.3,77.0,"6,207,725",Crime,Drama,Sci-Fi
2001: A Space Odyssey,1968,U,149 min,"Adventure, Sci-Fi",8.3,84.0,"56,954,992",Adventure,Sci-Fi,
Per qualche dollaro in più,1965,U,132 min,Western,8.3,74.0,"15,000,000",Western,,
Lawrence of Arabia,1962,U,228 min,"Adventure, Biography, Drama",8.3,100.0,"44,824,144",Adventure,Biography,Drama
The Apartment,1960,U,125 min,"Comedy, Drama, Romance",8.3,94.0,"18,600,000",Comedy,Drama,Romance
North by Northwest,1959,U,136 min,"Adventure, Mystery, Thriller",8.3,98.0,"13,275,000",Adventure,Mystery,Thriller
Vertigo,1958,A,128 min,"Mystery, Romance, Thriller",8.3,100.0,"3,200,000",Mystery,Romance,Thriller
Singin' in the Rain,1952,G,103 min,"Comedy, Musical, Romance",8.3,99.0,"8,819,028",Comedy,Musical,Romance
Ikiru,1952,,143 min,Drama,8.3,,"55,240",Drama,,
Ladri di biciclette,1948,,89 min,Drama,8.3,,"332,930",Drama,,
Double Indemnity,1944,Passed,107 min,"Crime, Drama, Film-Noir",8.3,95.0,"5,720,000",Crime,Drama,Film-Noir
Citizen Kane,1941,UA,119 min,"Drama, Mystery",8.3,100.0,"1,585,634",Drama,Mystery,
M - Eine Stadt sucht einen Mörder,1931,Passed,117 min,"Crime, Mystery, Thriller",8.3,,"28,877",Crime,Mystery,Thriller
Metropolis,1927,,153 min,"Drama, Sci-Fi",8.3,98.0,"1,236,166",Drama,Sci-Fi,
The Kid,1921,Passed,68 min,"Comedy, Drama, Family",8.3,,"5,450,000",Comedy,Drama,Family
Chhichhore,2019,UA,143 min,"Comedy, Drama",8.2,,"898,575",Comedy,Drama,
Uri: The Surgical Strike,2018,UA,138 min,"Action, Drama, War",8.2,,"4,186,168",Action,Drama,War
K.G.F: Chapter 1,2018,UA,156 min,"Action, Drama",8.2,,,Action,Drama,
Green Book,2018,UA,130 min,"Biography, Comedy, Drama",8.2,69.0,"85,080,171",Biography,Comedy,Drama
"Three Billboards Outside Ebbing, Missouri",2017,A,115 min,"Comedy, Crime, Drama",8.2,88.0,"54,513,740",Comedy,Crime,Drama
Talvar,2015,UA,132 min,"Crime, Drama, Mystery",8.2,,"342,370",Crime,Drama,Mystery
Baahubali 2: The Conclusion,2017,UA,167 min,"Action, Drama",8.2,,"20,186,659",Action,Drama,
Klaus,2019,PG,96 min,"Animation, Adventure, Comedy",8.2,65.0,,Animation,Adventure,Comedy
Drishyam,2015,UA,163 min,"Crime, Drama, Mystery",8.2,,"739,478",Crime,Drama,Mystery
Queen,2013,UA,146 min,"Adventure, Comedy, Drama",8.2,,"1,429,534",Adventure,Comedy,Drama
Mandariinid,2013,,87 min,"Drama, War",8.2,73.0,"144,501",Drama,War,
Bhaag Milkha Bhaag,2013,U,186 min,"Biography, Drama, Sport",8.2,,"1,626,289",Biography,Drama,Sport
Gangs of Wasseypur,2012,A,321 min,"Action, Comedy, Crime",8.2,89.0,,Action,Comedy,Crime
Udaan,2010,UA,134 min,Drama,8.2,,"7,461",Drama,,
Paan Singh Tomar,2012,UA,135 min,"Action, Biography, Crime",8.2,,"39,567",Action,Biography,Crime
El secreto de sus ojos,2009,R,129 min,"Drama, Mystery, Romance",8.2,80.0,"6,391,436",Drama,Mystery,Romance
Warrior,2011,UA,140 min,"Action, Drama, Sport",8.2,71.0,"13,657,115",Action,Drama,Sport
Shutter Island,2010,A,138 min,"Mystery, Thriller",8.2,63.0,"128,012,934",Mystery,Thriller,
Up,2009,U,96 min,"Animation, Adventure, Comedy",8.2,88.0,"293,004,164",Animation,Adventure,Comedy
The Wolf of Wall Street,2013,A,180 min,"Biography, Crime, Drama",8.2,75.0,"116,900,694",Biography,Crime,Drama
Chak De! India,2007,U,153 min,"Drama, Family, Sport",8.2,68.0,"1,113,541",Drama,Family,Sport
There Will Be Blood,2007,A,158 min,Drama,8.2,93.0,"40,222,514",Drama,,
Pan's Labyrinth,2006,UA,118 min,"Drama, Fantasy, War",8.2,98.0,"37,634,615",Drama,Fantasy,War
Toy Story 3,2010,U,103 min,"Animation, Adventure, Comedy",8.2,92.0,"415,004,880",Animation,Adventure,Comedy
V for Vendetta,2005,A,132 min,"Action, Drama, Sci-Fi",8.2,62.0,"70,511,035",Action,Drama,Sci-Fi
Rang De Basanti,2006,UA,167 min,"Comedy, Crime, Drama",8.2,,"2,197,331",Comedy,Crime,Drama
Black,2005,U,122 min,Drama,8.2,,"733,094",Drama,,
Batman Begins,2005,UA,140 min,"Action, Adventure",8.2,70.0,"206,852,432",Action,Adventure,
"Swades: We, the People",2004,U,210 min,Drama,8.2,,"1,223,240",Drama,,
Der Untergang,2004,R,156 min,"Biography, Drama, History",8.2,82.0,"5,509,040",Biography,Drama,History
Hauru no ugoku shiro,2004,U,119 min,"Animation, Adventure, Family",8.2,80.0,"4,711,096",Animation,Adventure,Family
A Beautiful Mind,2001,UA,135 min,"Biography, Drama",8.2,72.0,"170,742,341",Biography,Drama,
Hera Pheri,2000,U,156 min,"Action, Comedy, Crime",8.2,,,Action,Comedy,Crime
"Lock, Stock and Two Smoking Barrels",1998,A,107 min,"Action, Comedy, Crime",8.2,66.0,"3,897,569",Action,Comedy,Crime
L.A. Confidential,1997,A,138 min,"Crime, Drama, Mystery",8.2,90.0,"64,616,940",Crime,Drama,Mystery
Eskiya,1996,,128 min,"Crime, Drama, Thriller",8.2,,,Crime,Drama,Thriller
Heat,1995,A,170 min,"Crime, Drama, Thriller",8.2,76.0,"67,436,818",Crime,Drama,Thriller
Casino,1995,A,178 min,"Crime, Drama",8.2,73.0,"42,438,300",Crime,Drama,
Andaz Apna Apna,1994,U,160 min,"Action, Comedy, Romance",8.2,,,Action,Comedy,Romance
Unforgiven,1992,A,130 min,"Drama, Western",8.2,85.0,"101,157,447",Drama,Western,
Indiana Jones and the Last Crusade,1989,U,127 min,"Action, Adventure",8.2,65.0,"197,171,806",Action,Adventure,
Dom za vesanje,1988,R,142 min,"Comedy, Crime, Drama",8.2,,"280,015",Comedy,Crime,Drama
Tonari no Totoro,1988,U,86 min,"Animation, Family, Fantasy",8.2,86.0,"1,105,564",Animation,Family,Fantasy
Die Hard,1988,A,132 min,"Action, Thriller",8.2,72.0,"83,008,852",Action,Thriller,
Ran,1985,U,162 min,"Action, Drama, War",8.2,96.0,"4,135,750",Action,Drama,War
Raging Bull,1980,A,129 min,"Biography, Drama, Sport",8.2,89.0,"23,383,987",Biography,Drama,Sport
Stalker,1979,U,162 min,"Drama, Sci-Fi",8.2,,"234,723",Drama,Sci-Fi,
Höstsonaten,1978,U,99 min,"Drama, Music",8.2,,,Drama,Music,
The Message,1976,PG,177 min,"Biography, Drama, History",8.2,,,Biography,Drama,History
Sholay,1975,U,204 min,"Action, Adventure, Comedy",8.2,,,Action,Adventure,Comedy
Monty Python and the Holy Grail,1975,PG,91 min,"Adventure, Comedy, Fantasy",8.2,91.0,"1,229,197",Adventure,Comedy,Fantasy
The Great Escape,1963,U,172 min,"Adventure, Drama, History",8.2,86.0,"12,100,000",Adventure,Drama,History
To Kill a Mockingbird,1962,U,129 min,"Crime, Drama",8.2,88.0,,Crime,Drama,
Yôjinbô,1961,,110 min,"Action, Drama, Thriller",8.2,,,Action,Drama,Thriller
Judgment at Nuremberg,1961,A,179 min,"Drama, War",8.2,60.0,,Drama,War,
Some Like It Hot,1959,U,121 min,"Comedy, Music, Romance",8.2,98.0,"25,000,000",Comedy,Music,Romance
Smultronstället,1957,U,91 min,"Drama, Romance",8.2,88.0,,Drama,Romance,
Det sjunde inseglet,1957,A,96 min,"Drama, Fantasy, History",8.2,88.0,,Drama,Fantasy,History
Du rififi chez les hommes,1955,,118 min,"Crime, Drama, Thriller",8.2,97.0,"57,226",Crime,Drama,Thriller
Dial M for Murder,1954,A,105 min,"Crime, Thriller",8.2,75.0,"12,562",Crime,Thriller,
Tôkyô monogatari,1953,U,136 min,Drama,8.2,,,Drama,,
Rashômon,1950,,88 min,"Crime, Drama, Mystery",8.2,98.0,"96,568",Crime,Drama,Mystery
All About Eve,1950,Passed,138 min,Drama,8.2,98.0,"10,177",Drama,,
The Treasure of the Sierra Madre,1948,Passed,126 min,"Adventure, Drama, Western",8.2,98.0,"5,014,000",Adventure,Drama,Western
To Be or Not to Be,1942,Passed,99 min,"Comedy, War",8.2,86.0,,Comedy,War,
The Gold Rush,1925,Passed,95 min,"Adventure, Comedy, Drama",8.2,,"5,450,000",Adventure,Comedy,Drama
Sherlock Jr.,1924,Passed,45 min,"Action, Comedy, Romance",8.2,,"977,375",Action,Comedy,Romance
Portrait de la jeune fille en feu,2019,R,122 min,"Drama, Romance",8.1,95.0,"3,759,854",Drama,Romance,
Pink,2016,UA,136 min,"Drama, Thriller",8.1,,"1,241,223",Drama,Thriller,
Koe no katachi,2016,16,130 min,"Animation, Drama, Family",8.1,78.0,,Animation,Drama,Family
Contratiempo,2016,TV-MA,106 min,"Crime, Drama, Mystery",8.1,,,Crime,Drama,Mystery
Ah-ga-ssi,2016,A,145 min,"Drama, Romance, Thriller",8.1,84.0,"2,006,788",Drama,Romance,Thriller
Mommy,2014,R,139 min,Drama,8.1,74.0,"3,492,754",Drama,,
Haider,2014,UA,160 min,"Action, Crime, Drama",8.1,,"901,610",Action,Crime,Drama
Logan,2017,A,137 min,"Action, Drama, Sci-Fi",8.1,77.0,"226,277,068",Action,Drama,Sci-Fi
Room,2015,R,118 min,"Drama, Thriller",8.1,86.0,"14,677,674",Drama,Thriller,
Relatos salvajes,2014,R,122 min,"Comedy, Drama, Thriller",8.1,77.0,"3,107,072",Comedy,Drama,Thriller
Soul,2020,U,100 min,"Animation, Adventure, Comedy",8.1,83.0,,Animation,Adventure,Comedy
Kis Uykusu,2014,,196 min,Drama,8.1,88.0,"165,520",Drama,,
PK,2014,UA,153 min,"Comedy, Drama, Musical",8.1,,"10,616,104",Comedy,Drama,Musical
OMG: Oh My God!,2012,U,125 min,"Comedy, Drama, Fantasy",8.1,,"923,221",Comedy,Drama,Fantasy
The Grand Budapest Hotel,2014,UA,99 min,"Adventure, Comedy, Crime",8.1,88.0,"59,100,318",Adventure,Comedy,Crime
Gone Girl,2014,A,149 min,"Drama, Mystery, Thriller",8.1,79.0,"167,767,189",Drama,Mystery,Thriller
Ôkami kodomo no Ame to Yuki,2012,U,117 min,"Animation, Drama, Fantasy",8.1,71.0,,Animation,Drama,Fantasy
Hacksaw Ridge,2016,A,139 min,"Biography, Drama, History",8.1,71.0,"67,209,615",Biography,Drama,History
Inside Out,2015,U,95 min,"Animation, Adventure, Comedy",8.1,94.0,"356,461,711",Animation,Adventure,Comedy
Barfi!,2012,U,151 min,"Comedy, Drama, Romance",8.1,,"2,804,874",Comedy,Drama,Romance
12 Years a Slave,2013,A,134 min,"Biography, Drama, History",8.1,96.0,"56,671,993",Biography,Drama,History
Rush,2013,UA,123 min,"Action, Biography, Drama",8.1,74.0,"26,947,624",Action,Biography,Drama
Ford v Ferrari,2019,UA,152 min,"Action, Biography, Drama",8.1,81.0,"117,624,028",Action,Biography,Drama
Spotlight,2015,A,129 min,"Biography, Crime, Drama",8.1,93.0,"45,055,776",Biography,Crime,Drama
Song of the Sea,2014,PG,93 min,"Animation, Adventure, Drama",8.1,85.0,"857,524",Animation,Adventure,Drama
Kahaani,2012,UA,122 min,"Mystery, Thriller",8.1,,"1,035,953",Mystery,Thriller,
Zindagi Na Milegi Dobara,2011,U,155 min,"Comedy, Drama",8.1,,"3,108,485",Comedy,Drama,
Prisoners,2013,A,153 min,"Crime, Drama, Mystery",8.1,70.0,"61,002,302",Crime,Drama,Mystery
Mad Max: Fury Road,2015,UA,120 min,"Action, Adventure, Sci-Fi",8.1,90.0,"154,058,340",Action,Adventure,Sci-Fi
A Wednesday,2008,UA,104 min,"Action, Crime, Drama",8.1,,,Action,Crime,Drama
Gran Torino,2008,R,116 min,Drama,8.1,72.0,"148,095,302",Drama,,
Harry Potter and the Deathly Hallows: Part 2,2011,UA,130 min,"Adventure, Drama, Fantasy",8.1,85.0,"381,011,219",Adventure,Drama,Fantasy
Okuribito,2008,PG-13,130 min,"Drama, Music",8.1,68.0,"1,498,210",Drama,Music,
Hachi: A Dog's Tale,2009,G,93 min,"Biography, Drama, Family",8.1,,,Biography,Drama,Family
Mary and Max,2009,,92 min,"Animation, Comedy, Drama",8.1,,,Animation,Comedy,Drama
How to Train Your Dragon,2010,U,98 min,"Animation, Action, Adventure",8.1,75.0,"217,581,231",Animation,Action,Adventure
Into the Wild,2007,R,148 min,"Adventure, Biography, Drama",8.1,73.0,"18,354,356",Adventure,Biography,Drama
No Country for Old Men,2007,R,122 min,"Crime, Drama, Thriller",8.1,91.0,"74,283,625",Crime,Drama,Thriller
Lage Raho Munna Bhai,2006,U,144 min,"Comedy, Drama, Romance",8.1,,"2,217,561",Comedy,Drama,Romance
Million Dollar Baby,2004,UA,132 min,"Drama, Sport",8.1,86.0,"100,492,203",Drama,Sport,
Hotel Rwanda,2004,PG-13,121 min,"Biography, Drama, History",8.1,79.0,"23,530,892",Biography,Drama,History
Taegukgi hwinalrimyeo,2004,R,140 min,"Action, Drama, War",8.1,64.0,"1,111,061",Action,Drama,War
Before Sunset,2004,R,80 min,"Drama, Romance",8.1,90.0,"5,820,649",Drama,Romance,
Munna Bhai M.B.B.S.,2003,U,156 min,"Comedy, Drama, Musical",8.1,,,Comedy,Drama,Musical
Salinui chueok,2003,UA,131 min,"Crime, Drama, Mystery",8.1,82.0,"14,131",Crime,Drama,Mystery
Dil Chahta Hai,2001,Unrated,183 min,"Comedy, Drama, Romance",8.1,,"300,000",Comedy,Drama,Romance
Kill Bill: Vol. 1,2003,R,111 min,"Action, Crime, Drama",8.1,69.0,"70,099,045",Action,Crime,Drama
Finding Nemo,2003,U,100 min,"Animation, Adventure, Comedy",8.1,90.0,"380,843,261",Animation,Adventure,Comedy
Catch Me If You Can,2002,A,141 min,"Biography, Crime, Drama",8.1,75.0,"164,615,351",Biography,Crime,Drama
Amores perros,2000,A,154 min,"Drama, Thriller",8.1,83.0,"5,383,834",Drama,Thriller,
"Monsters, Inc.",2001,U,92 min,"Animation, Adventure, Comedy",8.1,79.0,"289,916,256",Animation,Adventure,Comedy
"Shin seiki Evangelion Gekijô-ban: Air/Magokoro wo, kimi ni",1997,UA,87 min,"Animation, Action, Drama",8.1,,,Animation,Action,Drama
Lagaan: Once Upon a Time in India,2001,U,224 min,"Adventure, Drama, Musical",8.1,84.0,"70,147",Adventure,Drama,Musical
The Sixth Sense,1999,A,107 min,"Drama, Mystery, Thriller",8.1,64.0,"293,506,292",Drama,Mystery,Thriller
La leggenda del pianista sull'oceano,1998,U,169 min,"Drama, Music, Romance",8.1,58.0,"259,127",Drama,Music,Romance
The Truman Show,1998,U,103 min,"Comedy, Drama",8.1,90.0,"125,618,201",Comedy,Drama,
"Crna macka, beli macor",1998,R,127 min,"Comedy, Crime, Romance",8.1,73.0,"348,660",Comedy,Crime,Romance
The Big Lebowski,1998,R,117 min,"Comedy, Crime, Sport",8.1,71.0,"17,498,804",Comedy,Crime,Sport
Fa yeung nin wah,2000,U,98 min,"Drama, Romance",8.1,85.0,"2,734,044",Drama,Romance,
Trainspotting,1996,A,93 min,Drama,8.1,83.0,"16,501,785",Drama,,
Fargo,1996,A,98 min,"Crime, Drama, Thriller",8.1,85.0,"24,611,975",Crime,Drama,Thriller
Underground,1995,,170 min,"Comedy, Drama, War",8.1,,"171,082",Comedy,Drama,War
La haine,1995,UA,98 min,"Crime, Drama",8.1,,"309,811",Crime,Drama,
Dilwale Dulhania Le Jayenge,1995,U,189 min,"Drama, Romance",8.1,,,Drama,Romance,
Before Sunrise,1995,R,101 min,"Drama, Romance",8.1,77.0,"5,535,405",Drama,Romance,
Trois couleurs: Rouge,1994,U,99 min,"Drama, Mystery, Romance",8.1,100.0,"4,043,686",Drama,Mystery,Romance
Chung Hing sam lam,1994,U,102 min,"Comedy, Crime, Drama",8.1,77.0,"600,200",Comedy,Crime,Drama
Jurassic Park,1993,UA,127 min,"Action, Adventure, Sci-Fi",8.1,68.0,"402,453,882",Action,Adventure,Sci-Fi
In the Name of the Father,1993,UA,133 min,"Biography, Crime, Drama",8.1,84.0,"25,010,410",Biography,Crime,Drama
Ba wang bie ji,1993,R,171 min,"Drama, Music, Romance",8.1,,"5,216,888",Drama,Music,Romance
Dà hóng denglong gaogao guà,1991,PG,125 min,"Drama, History, Romance",8.1,,"2,603,061",Drama,History,Romance
Dead Poets Society,1989,U,128 min,"Comedy, Drama",8.1,79.0,"95,860,116",Comedy,Drama,
Stand by Me,1986,U,89 min,"Adventure, Drama",8.1,75.0,"52,287,414",Adventure,Drama,
Platoon,1986,A,120 min,"Drama, War",8.1,92.0,"138,530,565",Drama,War,
"Paris, Texas",1984,U,145 min,Drama,8.1,78.0,"2,181,987",Drama,,
Kaze no tani no Naushika,1984,U,117 min,"Animation, Adventure, Fantasy",8.1,86.0,"495,770",Animation,Adventure,Fantasy
The Thing,1982,A,109 min,"Horror, Mystery, Sci-Fi",8.1,57.0,"13,782,838",Horror,Mystery,Sci-Fi
Pink Floyd: The Wall,1982,UA,95 min,"Drama, Fantasy, Music",8.1,47.0,"22,244,207",Drama,Fantasy,Music
Fitzcarraldo,1982,R,158 min,"Adventure, Drama",8.1,,,Adventure,Drama,
Fanny och Alexander,1982,A,188 min,Drama,8.1,100.0,"4,971,340",Drama,,
Blade Runner,1982,UA,117 min,"Action, Sci-Fi, Thriller",8.1,84.0,"32,868,943",Action,Sci-Fi,Thriller
The Elephant Man,1980,UA,124 min,"Biography, Drama",8.1,78.0,,Biography,Drama,
Life of Brian,1979,R,94 min,Comedy,8.1,77.0,"20,045,115",Comedy,,
The Deer Hunter,1978,A,183 min,"Drama, War",8.1,86.0,"48,979,328",Drama,War,
Rocky,1976,U,120 min,"Drama, Sport",8.1,70.0,"117,235,247",Drama,Sport,
Network,1976,UA,121 min,Drama,8.1,83.0,,Drama,,
Barry Lyndon,1975,PG,185 min,"Adventure, Drama, History",8.1,89.0,,Adventure,Drama,History
Zerkalo,1975,G,107 min,"Biography, Drama",8.1,,"177,345",Biography,Drama,
Chinatown,1974,UA,130 min,"Drama, Mystery, Thriller",8.1,92.0,"29,000,000",Drama,Mystery,Thriller
Paper Moon,1973,U,102 min,"Comedy, Crime, Drama",8.1,77.0,"30,933,743",Comedy,Crime,Drama
Viskningar och rop,1972,A,91 min,Drama,8.1,,"1,742,348",Drama,,
Solaris,1972,PG,167 min,"Drama, Mystery, Sci-Fi",8.1,90.0,,Drama,Mystery,Sci-Fi
Le samouraï,1967,GP,105 min,"Crime, Drama, Mystery",8.1,,"39,481",Crime,Drama,Mystery
Cool Hand Luke,1967,A,127 min,"Crime, Drama",8.1,92.0,"16,217,773",Crime,Drama,
Persona,1966,,85 min,"Drama, Thriller",8.1,86.0,,Drama,Thriller,
Andrei Rublev,1966,R,205 min,"Biography, Drama, History",8.1,,"102,021",Biography,Drama,History
La battaglia di Algeri,1966,,121 min,"Drama, War",8.1,96.0,"55,908",Drama,War,
El ángel exterminador,1962,,95 min,"Drama, Fantasy",8.1,,,Drama,Fantasy,
What Ever Happened to Baby Jane?,1962,Passed,134 min,"Drama, Horror, Thriller",8.1,75.0,"4,050,000",Drama,Horror,Thriller
Sanjuro,1962,U,96 min,"Action, Comedy, Crime",8.1,,,Action,Comedy,Crime
The Man Who Shot Liberty Valance,1962,,123 min,"Drama, Western",8.1,94.0,,Drama,Western,
Ivanovo detstvo,1962,,95 min,"Drama, War",8.1,,,Drama,War,
Jungfrukällan,1960,A,89 min,Drama,8.1,,"1,526,000",Drama,,
Inherit the Wind,1960,Passed,128 min,"Biography, Drama, History",8.1,75.0,,Biography,Drama,History
Les quatre cents coups,1959,,99 min,"Crime, Drama",8.1,,,Crime,Drama,
Ben-Hur,1959,U,212 min,"Adventure, Drama, History",8.1,90.0,"74,700,000",Adventure,Drama,History
Kakushi-toride no san-akunin,1958,,139 min,"Adventure, Drama",8.1,,,Adventure,Drama,
Le notti di Cabiria,1957,,110 min,Drama,8.1,,"752,045",Drama,,
Kumonosu-jô,1957,,110 min,"Drama, History",8.1,,,Drama,History,
The Bridge on the River Kwai,1957,PG,161 min,"Adventure, Drama, War",8.1,87.0,"44,908,000",Adventure,Drama,War
On the Waterfront,1954,A,108 min,"Crime, Drama, Thriller",8.1,91.0,"9,600,000",Crime,Drama,Thriller
Le salaire de la peur,1953,U,131 min,"Adventure, Drama, Thriller",8.1,85.0,,Adventure,Drama,Thriller
Ace in the Hole,1951,Approved,111 min,"Drama, Film-Noir",8.1,72.0,"3,969,893",Drama,Film-Noir,
White Heat,1949,,114 min,"Action, Crime, Drama",8.1,,,Action,Crime,Drama
The Third Man,1949,Approved,104 min,"Film-Noir, Mystery, Thriller",8.1,97.0,"449,191",Film-Noir,Mystery,Thriller
The Red Shoes,1948,,135 min,"Drama, Music, Romance",8.1,,"10,900,000",Drama,Music,Romance
The Shop Around the Corner,1940,,99 min,"Comedy, Drama, Romance",8.1,96.0,"203,300",Comedy,Drama,Romance
Rebecca,1940,Approved,130 min,"Drama, Mystery, Romance",8.1,86.0,"4,360,000",Drama,Mystery,Romance
Mr. Smith Goes to Washington,1939,Passed,129 min,"Comedy, Drama",8.1,73.0,"9,600,000",Comedy,Drama,
Gone with the Wind,1939,U,238 min,"Drama, History, Romance",8.1,97.0,"198,676,459",Drama,History,Romance
La Grande Illusion,1937,,113 min,"Drama, War",8.1,,"172,885",Drama,War,
It Happened One Night,1934,Approved,105 min,"Comedy, Romance",8.1,87.0,"4,360,000",Comedy,Romance,
La passion de Jeanne d'Arc,1928,Passed,110 min,"Biography, Drama, History",8.1,,"21,877",Biography,Drama,History
The Circus,1928,Passed,72 min,"Comedy, Romance",8.1,90.0,,Comedy,Romance,
Sunrise: A Song of Two Humans,1927,Passed,94 min,"Drama, Romance",8.1,,"539,540",Drama,Romance,
The General,1926,Passed,67 min,"Action, Adventure, Comedy",8.1,,"1,033,895",Action,Adventure,Comedy
Das Cabinet des Dr. Caligari,1920,,76 min,"Fantasy, Horror, Mystery",8.1,,,Fantasy,Horror,Mystery
Badhaai ho,2018,UA,124 min,"Comedy, Drama",8.0,,,Comedy,Drama,
Togo,2019,U,113 min,"Adventure, Biography, Drama",8.0,69.0,,Adventure,Biography,Drama
Airlift,2016,UA,130 min,"Drama, History",8.0,,,Drama,History,
Bajrangi Bhaijaan,2015,UA,163 min,"Action, Adventure, Comedy",8.0,,"8,178,001",Action,Adventure,Comedy
Baby,2015,UA,159 min,"Action, Crime, Thriller",8.0,,,Action,Crime,Thriller
La La Land,2016,A,128 min,"Comedy, Drama, Music",8.0,94.0,"151,101,803",Comedy,Drama,Music
Lion,2016,U,118 min,"Biography, Drama",8.0,69.0,"51,739,495",Biography,Drama,
The Martian,2015,UA,144 min,"Adventure, Drama, Sci-Fi",8.0,80.0,"228,433,663",Adventure,Drama,Sci-Fi
Zootopia,2016,U,108 min,"Animation, Adventure, Comedy",8.0,78.0,"341,268,248",Animation,Adventure,Comedy
Bãhubali: The Beginning,2015,UA,159 min,"Action, Drama",8.0,,"6,738,000",Action,Drama,
Kaguyahime no monogatari,2013,U,137 min,"Animation, Adventure, Drama",8.0,89.0,"1,506,975",Animation,Adventure,Drama
Wonder,2017,U,113 min,"Drama, Family",8.0,66.0,"132,422,809",Drama,Family,
Gully Boy,2019,UA,154 min,"Drama, Music, Romance",8.0,65.0,"5,566,534",Drama,Music,Romance
Special Chabbis,2013,UA,144 min,"Crime, Drama, Thriller",8.0,,"1,079,369",Crime,Drama,Thriller
Short Term 12,2013,R,96 min,Drama,8.0,82.0,"1,010,414",Drama,,
Serbuan maut 2: Berandal,2014,A,150 min,"Action, Crime, Thriller",8.0,71.0,"2,625,803",Action,Crime,Thriller
The Imitation Game,2014,UA,114 min,"Biography, Drama, Thriller",8.0,73.0,"91,125,683",Biography,Drama,Thriller
Guardians of the Galaxy,2014,UA,121 min,"Action, Adventure, Comedy",8.0,76.0,"333,176,600",Action,Adventure,Comedy
Blade Runner 2049,2017,UA,164 min,"Action, Drama, Mystery",8.0,81.0,"92,054,159",Action,Drama,Mystery
Her,2013,A,126 min,"Drama, Romance, Sci-Fi",8.0,90.0,"25,568,251",Drama,Romance,Sci-Fi
Bohemian Rhapsody,2018,UA,134 min,"Biography, Drama, Music",8.0,49.0,"216,428,042",Biography,Drama,Music
The Revenant,2015,A,156 min,"Action, Adventure, Drama",8.0,76.0,"183,637,894",Action,Adventure,Drama
The Perks of Being a Wallflower,2012,UA,103 min,"Drama, Romance",8.0,67.0,"17,738,570",Drama,Romance,
Tropa de Elite 2: O Inimigo Agora é Outro,2010,,115 min,"Action, Crime, Drama",8.0,71.0,"100,119",Action,Crime,Drama
The King's Speech,2010,U,118 min,"Biography, Drama, History",8.0,88.0,"138,797,449",Biography,Drama,History
The Help,2011,UA,146 min,Drama,8.0,62.0,"169,708,112",Drama,,
Deadpool,2016,R,108 min,"Action, Adventure, Comedy",8.0,65.0,"363,070,709",Action,Adventure,Comedy
Darbareye Elly,2009,TV-PG,119 min,"Drama, Mystery",8.0,87.0,"106,662",Drama,Mystery,
Dev.D,2009,A,144 min,"Drama, Romance",8.0,,"10,950",Drama,Romance,
Yip Man,2008,R,106 min,"Action, Biography, Drama",8.0,59.0,,Action,Biography,Drama
My Name Is Khan,2010,UA,165 min,Drama,8.0,50.0,"4,018,695",Drama,,
Nefes: Vatan Sagolsun,2009,,128 min,"Action, Drama, Thriller",8.0,,,Action,Drama,Thriller
Slumdog Millionaire,2008,UA,120 min,"Drama, Romance",8.0,84.0,"141,319,928",Drama,Romance,
Black Swan,2010,A,108 min,"Drama, Thriller",8.0,79.0,"106,954,678",Drama,Thriller,
Tropa de Elite,2007,R,115 min,"Action, Crime, Drama",8.0,33.0,"8,060",Action,Crime,Drama
The Avengers,2012,UA,143 min,"Action, Adventure, Sci-Fi",8.0,69.0,"623,279,547",Action,Adventure,Sci-Fi
Persepolis,2007,PG-13,96 min,"Animation, Biography, Drama",8.0,90.0,"4,445,756",Animation,Biography,Drama
Dallas Buyers Club,2013,R,117 min,"Biography, Drama",8.0,80.0,"27,298,285",Biography,Drama,
The Pursuit of Happyness,2006,U,117 min,"Biography, Drama",8.0,64.0,"163,566,459",Biography,Drama,
Blood Diamond,2006,A,143 min,"Adventure, Drama, Thriller",8.0,64.0,"57,366,262",Adventure,Drama,Thriller
The Bourne Ultimatum,2007,UA,115 min,"Action, Mystery, Thriller",8.0,85.0,"227,471,070",Action,Mystery,Thriller
Bin-jip,2004,U,88 min,"Crime, Drama, Romance",8.0,72.0,"238,507",Crime,Drama,Romance
Sin City,2005,A,124 min,"Crime, Thriller",8.0,74.0,"74,103,820",Crime,Thriller,
Le scaphandre et le papillon,2007,PG-13,112 min,"Biography, Drama",8.0,92.0,"5,990,075",Biography,Drama,
G.O.R.A.,2004,,127 min,"Adventure, Comedy, Sci-Fi",8.0,,,Adventure,Comedy,Sci-Fi
Ratatouille,2007,U,111 min,"Animation, Adventure, Comedy",8.0,96.0,"206,445,654",Animation,Adventure,Comedy
Casino Royale,2006,PG-13,144 min,"Action, Adventure, Thriller",8.0,80.0,"167,445,960",Action,Adventure,Thriller
Kill Bill: Vol. 2,2004,A,137 min,"Action, Crime, Thriller",8.0,83.0,"66,208,183",Action,Crime,Thriller
Vozvrashchenie,2003,,110 min,Drama,8.0,82.0,"502,028",Drama,,
Bom Yeoareum Gaeul Gyeoul Geurigo Bom,2003,R,103 min,"Drama, Romance",8.0,85.0,"2,380,788",Drama,Romance,
Mar adentro,2014,U,126 min,"Biography, Drama",8.0,74.0,"2,086,345",Biography,Drama,
Cinderella Man,2005,UA,144 min,"Biography, Drama, History",8.0,69.0,"61,649,911",Biography,Drama,History
Kal Ho Naa Ho,2003,U,186 min,"Comedy, Drama, Musical",8.0,54.0,"1,787,378",Comedy,Drama,Musical
Mou gaan dou,2002,UA,101 min,"Action, Crime, Drama",8.0,75.0,"169,659",Action,Crime,Drama
Pirates of the Caribbean: The Curse of the Black Pearl,2003,UA,143 min,"Action, Adventure, Fantasy",8.0,63.0,"305,413,918",Action,Adventure,Fantasy
Big Fish,2003,U,125 min,"Adventure, Drama, Fantasy",8.0,58.0,"66,257,002",Adventure,Drama,Fantasy
The Incredibles,2004,U,115 min,"Animation, Action, Adventure",8.0,90.0,"261,441,092",Animation,Action,Adventure
Yeopgijeogin geunyeo,2001,,137 min,"Comedy, Drama, Romance",8.0,,,Comedy,Drama,Romance
Dogville,2003,R,178 min,"Crime, Drama",8.0,60.0,"1,530,386",Crime,Drama,
Vizontele,2001,,110 min,"Comedy, Drama",8.0,,,Comedy,Drama,
Donnie Darko,2001,R,113 min,"Drama, Mystery, Sci-Fi",8.0,88.0,"1,480,006",Drama,Mystery,Sci-Fi
Magnolia,1999,R,188 min,Drama,8.0,77.0,"22,455,976",Drama,,
Dancer in the Dark,2000,U,140 min,"Crime, Drama, Musical",8.0,61.0,"4,184,036",Crime,Drama,Musical
The Straight Story,1999,U,112 min,"Biography, Drama",8.0,86.0,"6,203,044",Biography,Drama,
Pâfekuto burû,1997,A,81 min,"Animation, Crime, Mystery",8.0,,"776,665",Animation,Crime,Mystery
Festen,1998,R,105 min,Drama,8.0,82.0,"1,647,780",Drama,,
Central do Brasil,1998,R,110 min,Drama,8.0,80.0,"5,595,428",Drama,,
The Iron Giant,1999,PG,86 min,"Animation, Action, Adventure",8.0,85.0,"23,159,305",Animation,Action,Adventure
Knockin' on Heaven's Door,1997,,87 min,"Action, Crime, Comedy",8.0,,"3,296",Action,Crime,Comedy
Sling Blade,1996,R,135 min,Drama,8.0,84.0,"24,475,416",Drama,,
Secrets & Lies,1996,U,136 min,"Comedy, Drama",8.0,91.0,"13,417,292",Comedy,Drama,
Twelve Monkeys,1995,A,129 min,"Mystery, Sci-Fi, Thriller",8.0,74.0,"57,141,459",Mystery,Sci-Fi,Thriller
Kôkaku Kidôtai,1995,UA,83 min,"Animation, Action, Crime",8.0,76.0,"515,905",Animation,Action,Crime
The Nightmare Before Christmas,1993,U,76 min,"Animation, Family, Fantasy",8.0,82.0,"75,082,668",Animation,Family,Fantasy
Groundhog Day,1993,U,101 min,"Comedy, Fantasy, Romance",8.0,72.0,"70,906,973",Comedy,Fantasy,Romance
Bound by Honor,1993,R,180 min,"Crime, Drama",8.0,47.0,"4,496,583",Crime,Drama,
Scent of a Woman,1992,UA,156 min,Drama,8.0,59.0,"63,895,607",Drama,,
Aladdin,1992,U,90 min,"Animation, Adventure, Comedy",8.0,86.0,"217,350,219",Animation,Adventure,Comedy
JFK,1991,UA,189 min,"Drama, History, Thriller",8.0,72.0,"70,405,498",Drama,History,Thriller
Beauty and the Beast,1991,G,84 min,"Animation, Family, Fantasy",8.0,95.0,"218,967,620",Animation,Family,Fantasy
Dances with Wolves,1990,U,181 min,"Adventure, Drama, Western",8.0,72.0,"184,208,848",Adventure,Drama,Western
Do the Right Thing,1989,R,120 min,"Comedy, Drama",8.0,93.0,"27,545,445",Comedy,Drama,
Rain Man,1988,U,133 min,Drama,8.0,65.0,"178,800,000",Drama,,
Akira,1988,UA,124 min,"Animation, Action, Sci-Fi",8.0,,"553,171",Animation,Action,Sci-Fi
The Princess Bride,1987,U,98 min,"Adventure, Family, Fantasy",8.0,77.0,"30,857,814",Adventure,Family,Fantasy
Der Himmel über Berlin,1987,U,128 min,"Drama, Fantasy, Romance",8.0,79.0,"3,333,969",Drama,Fantasy,Romance
Au revoir les enfants,1987,U,104 min,"Drama, War",8.0,88.0,"4,542,825",Drama,War,
Tenkû no shiro Rapyuta,1986,U,125 min,"Animation, Adventure, Drama",8.0,78.0,,Animation,Adventure,Drama
The Terminator,1984,UA,107 min,"Action, Sci-Fi",8.0,84.0,"38,400,000",Action,Sci-Fi,
Gandhi,1982,U,191 min,"Biography, Drama, History",8.0,79.0,"52,767,889",Biography,Drama,History
Kagemusha,1980,U,180 min,"Drama, History, War",8.0,84.0,,Drama,History,War
Being There,1979,PG,130 min,"Comedy, Drama",8.0,83.0,"30,177,511",Comedy,Drama,
Annie Hall,1977,A,93 min,"Comedy, Romance",8.0,92.0,"39,200,000",Comedy,Romance,
Jaws,1975,A,124 min,"Adventure, Thriller",8.0,87.0,"260,000,000",Adventure,Thriller,
Dog Day Afternoon,1975,U,125 min,"Biography, Crime, Drama",8.0,86.0,"50,000,000",Biography,Crime,Drama
Young Frankenstein,1974,A,106 min,Comedy,8.0,80.0,"86,300,000",Comedy,,
Papillon,1973,R,151 min,"Biography, Crime, Drama",8.0,58.0,"53,267,000",Biography,Crime,Drama
The Exorcist,1973,A,122 min,Horror,8.0,81.0,"232,906,145",Horror,,
Sleuth,1972,PG,138 min,"Mystery, Thriller",8.0,,"4,081,254",Mystery,Thriller,
The Last Picture Show,1971,R,118 min,"Drama, Romance",8.0,93.0,"29,133,000",Drama,Romance,
Fiddler on the Roof,1971,G,181 min,"Drama, Family, Musical",8.0,67.0,"80,500,000",Drama,Family,Musical
Il conformista,1970,UA,113 min,Drama,8.0,100.0,"541,940",Drama,,
Butch Cassidy and the Sundance Kid,1969,PG,110 min,"Biography, Crime, Drama",8.0,66.0,"102,308,889",Biography,Crime,Drama
Rosemary's Baby,1968,A,137 min,"Drama, Horror",8.0,96.0,,Drama,Horror,
Planet of the Apes,1968,U,112 min,"Adventure, Sci-Fi",8.0,79.0,"33,395,426",Adventure,Sci-Fi,
The Graduate,1967,A,106 min,"Comedy, Drama, Romance",8.0,83.0,"104,945,305",Comedy,Drama,Romance
Who's Afraid of Virginia Woolf?,1966,A,131 min,Drama,8.0,75.0,,Drama,,
The Sound of Music,1965,U,172 min,"Biography, Drama, Family",8.0,63.0,"163,214,286",Biography,Drama,Family
Doctor Zhivago,1965,A,197 min,"Drama, Romance, War",8.0,69.0,"111,722,000",Drama,Romance,War
Per un pugno di dollari,1964,A,99 min,"Action, Drama, Western",8.0,65.0,"14,500,000",Action,Drama,Western
8½,1963,,138 min,Drama,8.0,91.0,"50,690",Drama,,
Vivre sa vie: Film en douze tableaux,1962,,80 min,Drama,8.0,,,Drama,,
The Hustler,1961,A,134 min,"Drama, Sport",8.0,90.0,"8,284,000",Drama,Sport,
La dolce vita,1960,A,174 min,"Comedy, Drama",8.0,95.0,"19,516,000",Comedy,Drama,
Rio Bravo,1959,Passed,141 min,"Action, Drama, Western",8.0,93.0,"12,535,000",Action,Drama,Western
Anatomy of a Murder,1959,,161 min,"Crime, Drama, Mystery",8.0,95.0,"11,900,000",Crime,Drama,Mystery
Touch of Evil,1958,PG-13,95 min,"Crime, Drama, Film-Noir",8.0,99.0,"2,237,659",Crime,Drama,Film-Noir
Cat on a Hot Tin Roof,1958,A,108 min,Drama,8.0,84.0,"17,570,324",Drama,,
Sweet Smell of Success,1957,Approved,96 min,"Drama, Film-Noir",8.0,100.0,,Drama,Film-Noir,
The Killing,1956,Approved,84 min,"Crime, Drama, Film-Noir",8.0,91.0,,Crime,Drama,Film-Noir
The Night of the Hunter,1955,,92 min,"Crime, Drama, Film-Noir",8.0,99.0,"654,000",Crime,Drama,Film-Noir
La Strada,1954,,108 min,Drama,8.0,,,Drama,,
Les diaboliques,1955,,117 min,"Crime, Drama, Horror",8.0,,,Crime,Drama,Horror
Stalag 17,1953,,120 min,"Comedy, Drama, War",8.0,84.0,,Comedy,Drama,War
Roman Holiday,1953,,118 min,"Comedy, Romance",8.0,78.0,,Comedy,Romance,
A Streetcar Named Desire,1951,A,122 min,Drama,8.0,97.0,"8,000,000",Drama,,
In a Lonely Place,1950,,94 min,"Drama, Film-Noir, Mystery",8.0,,,Drama,Film-Noir,Mystery
Kind Hearts and Coronets,1949,U,106 min,"Comedy, Crime",8.0,,,Comedy,Crime,
Rope,1948,A,80 min,"Crime, Drama, Mystery",8.0,73.0,,Crime,Drama,Mystery
Out of the Past,1947,,97 min,"Crime, Drama, Film-Noir",8.0,,,Crime,Drama,Film-Noir
Brief Encounter,1945,U,86 min,"Drama, Romance",8.0,92.0,,Drama,Romance,
Laura,1944,Passed,88 min,"Drama, Film-Noir, Mystery",8.0,,"4,360,000",Drama,Film-Noir,Mystery
The Best Years of Our Lives,1946,Approved,170 min,"Drama, Romance, War",8.0,93.0,"23,650,000",Drama,Romance,War
Arsenic and Old Lace,1942,,118 min,"Comedy, Crime, Thriller",8.0,,,Comedy,Crime,Thriller
The Maltese Falcon,1941,,100 min,"Film-Noir, Mystery",8.0,96.0,"2,108,060",Film-Noir,Mystery,
The Grapes of Wrath,1940,Passed,129 min,"Drama, History",8.0,96.0,"55,000",Drama,History,
The Wizard of Oz,1939,U,102 min,"Adventure, Family, Fantasy",8.0,92.0,"2,076,020",Adventure,Family,Fantasy
La règle du jeu,1939,,110 min,"Comedy, Drama",8.0,,,Comedy,Drama,
The Thin Man,1934,TV-PG,91 min,"Comedy, Crime, Mystery",8.0,86.0,,Comedy,Crime,Mystery
All Quiet on the Western Front,1930,U,152 min,"Drama, War",8.0,91.0,"3,270,000",Drama,War,
Bronenosets Potemkin,1925,,75 min,"Drama, History, Thriller",8.0,97.0,"50,970",Drama,History,Thriller
Knives Out,2019,UA,130 min,"Comedy, Crime, Drama",7.9,82.0,"165,359,751",Comedy,Crime,Drama
Dil Bechara,2020,UA,101 min,"Comedy, Drama, Romance",7.9,,,Comedy,Drama,Romance
Manbiki kazoku,2018,A,121 min,"Crime, Drama",7.9,93.0,"3,313,513",Crime,Drama,
Marriage Story,2019,U,137 min,"Comedy, Drama, Romance",7.9,94.0,"2,000,000",Comedy,Drama,Romance
Call Me by Your Name,2017,UA,132 min,"Drama, Romance",7.9,93.0,"18,095,701",Drama,Romance,
"I, Daniel Blake",2016,UA,100 min,Drama,7.9,78.0,"258,168",Drama,,
Isle of Dogs,2018,U,101 min,"Animation, Adventure, Comedy",7.9,82.0,"32,015,231",Animation,Adventure,Comedy
Hunt for the Wilderpeople,2016,UA,101 min,"Adventure, Comedy, Drama",7.9,81.0,"5,202,582",Adventure,Comedy,Drama
Captain Fantastic,2016,R,118 min,"Comedy, Drama",7.9,72.0,"5,875,006",Comedy,Drama,
Sing Street,2016,PG-13,106 min,"Comedy, Drama, Music",7.9,79.0,"3,237,118",Comedy,Drama,Music
Thor: Ragnarok,2017,UA,130 min,"Action, Adventure, Comedy",7.9,74.0,"315,058,289",Action,Adventure,Comedy
Nightcrawler,2014,A,117 min,"Crime, Drama, Thriller",7.9,76.0,"32,381,218",Crime,Drama,Thriller
Jojo Rabbit,2019,UA,108 min,"Comedy, Drama, War",7.9,58.0,"349,555",Comedy,Drama,War
Arrival,2016,UA,116 min,"Drama, Sci-Fi",7.9,81.0,"100,546,139",Drama,Sci-Fi,
Star Wars: Episode VII - The Force Awakens,2015,U,138 min,"Action, Adventure, Sci-Fi",7.9,80.0,"936,662,225",Action,Adventure,Sci-Fi
Before Midnight,2013,R,109 min,"Drama, Romance",7.9,94.0,"8,114,627",Drama,Romance,
X-Men: Days of Future Past,2014,UA,132 min,"Action, Adventure, Sci-Fi",7.9,75.0,"233,921,534",Action,Adventure,Sci-Fi
Bir Zamanlar Anadolu'da,2011,,157 min,"Crime, Drama",7.9,82.0,"138,730",Crime,Drama,
The Artist,2011,U,100 min,"Comedy, Drama, Romance",7.9,89.0,"44,671,682",Comedy,Drama,Romance
Edge of Tomorrow,2014,UA,113 min,"Action, Adventure, Sci-Fi",7.9,71.0,"100,206,256",Action,Adventure,Sci-Fi
Amour,2012,UA,127 min,"Drama, Romance",7.9,94.0,"6,739,492",Drama,Romance,
The Irishman,2019,R,209 min,"Biography, Crime, Drama",7.9,94.0,"7,000,000",Biography,Crime,Drama
Un prophète,2009,A,155 min,"Crime, Drama",7.9,90.0,"2,084,637",Crime,Drama,
Moon,2009,R,97 min,"Drama, Mystery, Sci-Fi",7.9,67.0,"5,009,677",Drama,Mystery,Sci-Fi
Låt den rätte komma in,2008,R,114 min,"Crime, Drama, Fantasy",7.9,82.0,"2,122,065",Crime,Drama,Fantasy
District 9,2009,A,112 min,"Action, Sci-Fi, Thriller",7.9,81.0,"115,646,235",Action,Sci-Fi,Thriller
The Wrestler,2008,UA,109 min,"Drama, Sport",7.9,80.0,"26,236,603",Drama,Sport,
Jab We Met,2007,U,138 min,"Comedy, Drama, Romance",7.9,,"410,800",Comedy,Drama,Romance
Boyhood,2014,A,165 min,Drama,7.9,100.0,"25,379,975",Drama,,
"4 luni, 3 saptamâni si 2 zile",2007,,113 min,Drama,7.9,97.0,"1,185,783",Drama,,
Star Trek,2009,UA,127 min,"Action, Adventure, Sci-Fi",7.9,82.0,"257,730,019",Action,Adventure,Sci-Fi
In Bruges,2008,R,107 min,"Comedy, Crime, Drama",7.9,67.0,"7,757,130",Comedy,Crime,Drama
The Man from Earth,2007,,87 min,"Drama, Fantasy, Mystery",7.9,,,Drama,Fantasy,Mystery
Letters from Iwo Jima,2006,UA,141 min,"Action, Adventure, Drama",7.9,89.0,"13,756,082",Action,Adventure,Drama
The Fall,2006,R,117 min,"Adventure, Drama, Fantasy",7.9,64.0,"2,280,348",Adventure,Drama,Fantasy
Life of Pi,2012,U,127 min,"Adventure, Drama, Fantasy",7.9,79.0,"124,987,023",Adventure,Drama,Fantasy
Fantastic Mr. Fox,2009,PG,87 min,"Animation, Adventure, Comedy",7.9,83.0,"21,002,919",Animation,Adventure,Comedy
C.R.A.Z.Y.,2005,,129 min,"Comedy, Drama",7.9,81.0,,Comedy,Drama,
Les choristes,2004,PG-13,97 min,"Drama, Music",7.9,56.0,"3,635,164",Drama,Music,
Iron Man,2008,UA,126 min,"Action, Adventure, Sci-Fi",7.9,79.0,"318,412,101",Action,Adventure,Sci-Fi
Shaun of the Dead,2004,UA,99 min,"Comedy, Horror",7.9,76.0,"13,542,874",Comedy,Horror,
Gegen die Wand,2004,R,121 min,"Drama, Romance",7.9,78.0,,Drama,Romance,
Mystic River,2003,A,138 min,"Crime, Drama, Mystery",7.9,84.0,"90,135,191",Crime,Drama,Mystery
Harry Potter and the Prisoner of Azkaban,2004,U,142 min,"Adventure, Family, Fantasy",7.9,82.0,"249,358,727",Adventure,Family,Fantasy
Ying xiong,2002,PG-13,120 min,"Action, Adventure, History",7.9,85.0,"53,710,019",Action,Adventure,History
Hable con ella,2002,R,112 min,"Drama, Mystery, Romance",7.9,86.0,"9,284,265",Drama,Mystery,Romance
No Man's Land,2001,R,98 min,"Comedy, Drama, War",7.9,84.0,"1,059,830",Comedy,Drama,War
Cowboy Bebop: Tengoku no tobira,2001,U,115 min,"Animation, Action, Crime",7.9,61.0,"1,000,045",Animation,Action,Crime
The Bourne Identity,2002,UA,119 min,"Action, Mystery, Thriller",7.9,68.0,"121,661,683",Action,Mystery,Thriller
Nueve reinas,2000,R,114 min,"Crime, Drama, Thriller",7.9,80.0,"1,221,261",Crime,Drama,Thriller
Children of Men,2006,A,109 min,"Adventure, Drama, Sci-Fi",7.9,84.0,"35,552,383",Adventure,Drama,Sci-Fi
Almost Famous,2000,A,122 min,"Adventure, Comedy, Drama",7.9,90.0,"32,534,850",Adventure,Comedy,Drama
Mulholland Dr.,2001,R,147 min,"Drama, Mystery, Thriller",7.9,85.0,"7,220,243",Drama,Mystery,Thriller
Toy Story 2,1999,U,92 min,"Animation, Adventure, Comedy",7.9,88.0,"245,852,179",Animation,Adventure,Comedy
Boogie Nights,1997,R,155 min,Drama,7.9,85.0,"26,400,640",Drama,,
Mimi wo sumaseba,1995,U,111 min,"Animation, Drama, Family",7.9,75.0,,Animation,Drama,Family
Once Were Warriors,1994,A,102 min,"Crime, Drama",7.9,77.0,"2,201,126",Crime,Drama,
True Romance,1993,R,119 min,"Crime, Drama, Romance",7.9,59.0,"12,281,500",Crime,Drama,Romance
Trois couleurs: Bleu,1993,U,94 min,"Drama, Music, Mystery",7.9,85.0,"1,324,974",Drama,Music,Mystery
Jûbê ninpûchô,1993,A,94 min,"Animation, Action, Adventure",7.9,,,Animation,Action,Adventure
Carlito's Way,1993,A,144 min,"Crime, Drama, Thriller",7.9,65.0,"36,948,322",Crime,Drama,Thriller
Edward Scissorhands,1990,U,105 min,"Drama, Fantasy, Romance",7.9,74.0,"56,362,352",Drama,Fantasy,Romance
My Left Foot: The Story of Christy Brown,1989,U,103 min,"Biography, Drama",7.9,97.0,"14,743,391",Biography,Drama,
Crimes and Misdemeanors,1989,PG-13,104 min,"Comedy, Drama",7.9,77.0,"18,254,702",Comedy,Drama,
The Untouchables,1987,A,119 min,"Crime, Drama, Thriller",7.9,79.0,"76,270,454",Crime,Drama,Thriller
Hannah and Her Sisters,1986,PG-13,107 min,"Comedy, Drama",7.9,90.0,"40,084,041",Comedy,Drama,
Brazil,1985,U,132 min,"Drama, Sci-Fi",7.9,84.0,"9,929,135",Drama,Sci-Fi,
This Is Spinal Tap,1984,R,82 min,"Comedy, Music",7.9,92.0,"188,751",Comedy,Music,
A Christmas Story,1983,U,93 min,"Comedy, Family",7.9,77.0,"20,605,209",Comedy,Family,
The Blues Brothers,1980,U,133 min,"Action, Adventure, Comedy",7.9,60.0,"57,229,890",Action,Adventure,Comedy
Manhattan,1979,R,96 min,"Comedy, Drama, Romance",7.9,83.0,"45,700,000",Comedy,Drama,Romance
All That Jazz,1979,A,123 min,"Drama, Music, Musical",7.9,72.0,"37,823,676",Drama,Music,Musical
Dawn of the Dead,1978,A,127 min,"Action, Adventure, Horror",7.9,71.0,"5,100,000",Action,Adventure,Horror
All the President's Men,1976,U,138 min,"Biography, Drama, History",7.9,84.0,"70,600,000",Biography,Drama,History
La montaña sagrada,1973,R,114 min,"Adventure, Drama, Fantasy",7.9,76.0,"61,001",Adventure,Drama,Fantasy
Amarcord,1973,R,123 min,"Comedy, Drama, Family",7.9,,,Comedy,Drama,Family
Le charme discret de la bourgeoisie,1972,PG,102 min,Comedy,7.9,93.0,"198,809",Comedy,,
"Aguirre, der Zorn Gottes",1972,,95 min,"Action, Adventure, Biography",7.9,,,Action,Adventure,Biography
Harold and Maude,1971,PG,91 min,"Comedy, Drama, Romance",7.9,62.0,,Comedy,Drama,Romance
Patton,1970,U,172 min,"Biography, Drama, War",7.9,91.0,"61,700,000",Biography,Drama,War
The Wild Bunch,1969,A,145 min,"Action, Adventure, Western",7.9,97.0,"12,064,472",Action,Adventure,Western
Night of the Living Dead,1968,,96 min,"Horror, Thriller",7.9,89.0,"89,029",Horror,Thriller,
The Lion in Winter,1968,PG,134 min,"Biography, Drama, History",7.9,,"22,276,975",Biography,Drama,History
In the Heat of the Night,1967,U,110 min,"Crime, Drama, Mystery",7.9,75.0,"24,379,978",Crime,Drama,Mystery
Charade,1963,U,113 min,"Comedy, Mystery, Romance",7.9,83.0,"13,474,588",Comedy,Mystery,Romance
The Manchurian Candidate,1962,PG-13,126 min,"Drama, Thriller",7.9,94.0,,Drama,Thriller,
Spartacus,1960,A,197 min,"Adventure, Biography, Drama",7.9,87.0,"30,000,000",Adventure,Biography,Drama
L'avventura,1960,U,144 min,"Drama, Mystery",7.9,,,Drama,Mystery,
Hiroshima mon amour,1959,,90 min,"Drama, Romance",7.9,,"88,300",Drama,Romance,
The Ten Commandments,1956,U,220 min,"Adventure, Drama",7.9,,"93,740,000",Adventure,Drama,
The Searchers,1956,Passed,119 min,"Adventure, Drama, Western",7.9,94.0,,Adventure,Drama,Western
East of Eden,1955,U,118 min,Drama,7.9,72.0,,Drama,,
High Noon,1952,PG,85 min,"Drama, Thriller, Western",7.9,89.0,"9,450,000",Drama,Thriller,Western
Strangers on a Train,1951,A,101 min,"Crime, Film-Noir, Thriller",7.9,88.0,"7,630,000",Crime,Film-Noir,Thriller
Harvey,1950,Approved,104 min,"Comedy, Drama, Fantasy",7.9,,,Comedy,Drama,Fantasy
Miracle on 34th Street,1947,,96 min,"Comedy, Drama, Family",7.9,88.0,"2,650,000",Comedy,Drama,Family
Notorious,1946,U,102 min,"Drama, Film-Noir, Romance",7.9,100.0,"10,464,000",Drama,Film-Noir,Romance
The Big Sleep,1946,Passed,114 min,"Crime, Film-Noir, Mystery",7.9,,"6,540,000",Crime,Film-Noir,Mystery
The Lost Weekend,1945,Passed,101 min,"Drama, Film-Noir",7.9,,"9,460,000",Drama,Film-Noir,
The Philadelphia Story,1940,,112 min,"Comedy, Romance",7.9,96.0,,Comedy,Romance,
His Girl Friday,1940,Passed,92 min,"Comedy, Drama, Romance",7.9,,"296,000",Comedy,Drama,Romance
The Adventures of Robin Hood,1938,PG,102 min,"Action, Adventure, Romance",7.9,97.0,"3,981,000",Action,Adventure,Romance
A Night at the Opera,1935,Passed,96 min,"Comedy, Music, Musical",7.9,,"2,537,520",Comedy,Music,Musical
King Kong,1933,Passed,100 min,"Adventure, Horror, Sci-Fi",7.9,90.0,"10,000,000",Adventure,Horror,Sci-Fi
Freaks,1932,,64 min,"Drama, Horror",7.9,80.0,,Drama,Horror,
Nosferatu,1922,,94 min,"Fantasy, Horror",7.9,,,Fantasy,Horror,
The Gentlemen,2019,A,113 min,"Action, Comedy, Crime",7.8,51.0,,Action,Comedy,Crime
Raazi,2018,UA,138 min,"Action, Drama, Thriller",7.8,,,Action,Drama,Thriller
Sound of Metal,2019,R,120 min,"Drama, Music",7.8,81.0,,Drama,Music,
Forushande,2016,UA,124 min,Drama,7.8,85.0,"2,402,067",Drama,,
Dunkirk,2017,UA,106 min,"Action, Drama, History",7.8,94.0,"188,373,161",Action,Drama,History
Perfetti sconosciuti,2016,,96 min,"Comedy, Drama",7.8,,,Comedy,Drama,
Hidden Figures,2016,UA,127 min,"Biography, Drama, History",7.8,74.0,"169,607,287",Biography,Drama,History
Paddington 2,2017,U,103 min,"Adventure, Comedy, Family",7.8,88.0,"40,442,052",Adventure,Comedy,Family
Udta Punjab,2016,A,148 min,"Action, Crime, Drama",7.8,,,Action,Crime,Drama
Kubo and the Two Strings,2016,PG,101 min,"Animation, Action, Adventure",7.8,84.0,"48,023,088",Animation,Action,Adventure
M.S. Dhoni: The Untold Story,2016,U,184 min,"Biography, Drama, Sport",7.8,,"1,782,795",Biography,Drama,Sport
Manchester by the Sea,2016,UA,137 min,Drama,7.8,96.0,"47,695,120",Drama,,
Under sandet,2015,R,100 min,"Drama, History, War",7.8,75.0,"435,266",Drama,History,War
Rogue One,2016,UA,133 min,"Action, Adventure, Sci-Fi",7.8,65.0,"532,177,324",Action,Adventure,Sci-Fi
Captain America: Civil War,2016,UA,147 min,"Action, Adventure, Sci-Fi",7.8,75.0,"408,084,349",Action,Adventure,Sci-Fi
The Hateful Eight,2015,A,168 min,"Crime, Drama, Mystery",7.8,68.0,"54,117,416",Crime,Drama,Mystery
Little Women,2019,U,135 min,"Drama, Romance",7.8,91.0,"108,101,214",Drama,Romance,
Loving Vincent,2017,UA,94 min,"Animation, Biography, Crime",7.8,62.0,"6,735,118",Animation,Biography,Crime
Pride,2014,R,119 min,"Biography, Comedy, Drama",7.8,79.0,,Biography,Comedy,Drama
Le passé,2013,PG-13,130 min,"Drama, Mystery",7.8,85.0,"1,330,596",Drama,Mystery,
La grande bellezza,2013,,141 min,Drama,7.8,86.0,"2,852,400",Drama,,
The Lunchbox,2013,U,104 min,"Drama, Romance",7.8,76.0,"4,231,500",Drama,Romance,
Vicky Donor,2012,UA,126 min,"Comedy, Romance",7.8,,"169,209",Comedy,Romance,
Big Hero 6,2014,U,102 min,"Animation, Action, Adventure",7.8,74.0,"222,527,828",Animation,Action,Adventure
About Time,2013,R,123 min,"Comedy, Drama, Fantasy",7.8,55.0,"15,322,921",Comedy,Drama,Fantasy
English Vinglish,2012,U,134 min,"Comedy, Drama, Family",7.8,,"1,670,773",Comedy,Drama,Family
Kaze tachinu,2013,PG-13,126 min,"Animation, Biography, Drama",7.8,83.0,"5,209,580",Animation,Biography,Drama
Toy Story 4,2019,U,100 min,"Animation, Adventure, Comedy",7.8,84.0,"434,038,008",Animation,Adventure,Comedy
La migliore offerta,2013,R,131 min,"Crime, Drama, Mystery",7.8,49.0,"85,433",Crime,Drama,Mystery
Moonrise Kingdom,2012,A,94 min,"Comedy, Drama, Romance",7.8,84.0,"45,512,466",Comedy,Drama,Romance
How to Train Your Dragon 2,2014,U,102 min,"Animation, Action, Adventure",7.8,76.0,"177,002,924",Animation,Action,Adventure
The Big Short,2015,A,130 min,"Biography, Comedy, Drama",7.8,81.0,"70,259,870",Biography,Comedy,Drama
Kokuhaku,2010,,106 min,"Drama, Thriller",7.8,,,Drama,Thriller,
Ang-ma-reul bo-at-da,2010,,144 min,"Action, Crime, Drama",7.8,67.0,"128,392",Action,Crime,Drama
The Girl with the Dragon Tattoo,2011,R,158 min,"Crime, Drama, Mystery",7.8,71.0,"102,515,793",Crime,Drama,Mystery
Captain Phillips,2013,UA,134 min,"Adventure, Biography, Crime",7.8,82.0,"107,100,855",Adventure,Biography,Crime
Ajeossi,2010,R,119 min,"Action, Crime, Drama",7.8,,"6,460",Action,Crime,Drama
Straight Outta Compton,2015,R,147 min,"Biography, Drama, History",7.8,72.0,"161,197,785",Biography,Drama,History
Madeo,2009,R,129 min,"Crime, Drama, Mystery",7.8,79.0,"547,292",Crime,Drama,Mystery
Chugyeokja,2008,,125 min,"Action, Crime, Thriller",7.8,64.0,,Action,Crime,Thriller
The Hobbit: The Desolation of Smaug,2013,UA,161 min,"Adventure, Fantasy",7.8,66.0,"258,366,855",Adventure,Fantasy,
Das weiße Band - Eine deutsche Kindergeschichte,2009,UA,144 min,"Drama, History, Mystery",7.8,82.0,"2,222,647",Drama,History,Mystery
Män som hatar kvinnor,2009,R,152 min,"Crime, Drama, Mystery",7.8,76.0,"10,095,170",Crime,Drama,Mystery
The Trial of the Chicago 7,2020,R,129 min,"Drama, History, Thriller",7.8,77.0,,Drama,History,Thriller
Druk,2020,,117 min,"Comedy, Drama",7.8,81.0,,Comedy,Drama,
The Fighter,2010,UA,116 min,"Biography, Drama, Sport",7.8,79.0,"93,617,009",Biography,Drama,Sport
Taken,2008,A,90 min,"Action, Thriller",7.8,51.0,"145,000,989",Action,Thriller,
The Boy in the Striped Pyjamas,2008,PG-13,94 min,"Drama, History, War",7.8,55.0,"9,030,581",Drama,History,War
Once,2007,R,86 min,"Drama, Music, Romance",7.8,88.0,"9,439,923",Drama,Music,Romance
The Hobbit: An Unexpected Journey,2012,UA,169 min,"Adventure, Fantasy",7.8,58.0,"303,003,568",Adventure,Fantasy,
Auf der anderen Seite,2007,,122 min,Drama,7.8,85.0,"741,283",Drama,,
Atonement,2007,R,123 min,"Drama, Mystery, Romance",7.8,85.0,"50,927,067",Drama,Mystery,Romance
Drive,2011,A,100 min,"Crime, Drama",7.8,78.0,"35,061,555",Crime,Drama,
American Gangster,2007,A,157 min,"Biography, Crime, Drama",7.8,76.0,"130,164,645",Biography,Crime,Drama
Avatar,2009,UA,162 min,"Action, Adventure, Fantasy",7.8,83.0,"760,507,625",Action,Adventure,Fantasy
Mr. Nobody,2009,R,141 min,"Drama, Fantasy, Romance",7.8,63.0,"3,600",Drama,Fantasy,Romance
Apocalypto,2006,A,139 min,"Action, Adventure, Drama",7.8,68.0,"50,866,635",Action,Adventure,Drama
Little Miss Sunshine,2006,UA,101 min,"Comedy, Drama",7.8,80.0,"59,891,098",Comedy,Drama,
Hot Fuzz,2007,UA,121 min,"Action, Comedy, Mystery",7.8,81.0,"23,637,265",Action,Comedy,Mystery
The Curious Case of Benjamin Button,2008,UA,166 min,"Drama, Fantasy, Romance",7.8,70.0,"127,509,326",Drama,Fantasy,Romance
Veer-Zaara,2004,U,192 min,"Drama, Family, Musical",7.8,67.0,"2,921,738",Drama,Family,Musical
Adams æbler,2005,R,94 min,"Comedy, Crime, Drama",7.8,51.0,"1,305",Comedy,Crime,Drama
Pride & Prejudice,2005,PG,129 min,"Drama, Romance",7.8,82.0,"38,405,088",Drama,Romance,
The World's Fastest Indian,2005,U,127 min,"Biography, Drama, Sport",7.8,68.0,"5,128,124",Biography,Drama,Sport
Tôkyô goddofâzâzu,2003,UA,90 min,"Animation, Adventure, Comedy",7.8,73.0,"128,985",Animation,Adventure,Comedy
Serenity,2005,PG-13,119 min,"Action, Adventure, Sci-Fi",7.8,74.0,"25,514,517",Action,Adventure,Sci-Fi
Walk the Line,2005,PG-13,136 min,"Biography, Drama, Music",7.8,72.0,"119,519,402",Biography,Drama,Music
Ondskan,2003,,113 min,Drama,7.8,61.0,"15,280",Drama,,
The Notebook,2004,A,123 min,"Drama, Romance",7.8,53.0,"81,001,787",Drama,Romance,
Diarios de motocicleta,2004,U,126 min,"Adventure, Biography, Drama",7.8,75.0,"16,756,372",Adventure,Biography,Drama
Lilja 4-ever,2002,R,109 min,"Crime, Drama",7.8,82.0,"181,655",Crime,Drama,
Les triplettes de Belleville,2003,PG-13,80 min,"Animation, Comedy, Drama",7.8,91.0,"7,002,255",Animation,Comedy,Drama
Gongdong gyeongbi guyeok JSA,2000,,110 min,"Action, Drama, Thriller",7.8,58.0,,Action,Drama,Thriller
The Count of Monte Cristo,2002,PG-13,131 min,"Action, Adventure, Drama",7.8,61.0,"54,234,062",Action,Adventure,Drama
Waking Life,2001,R,99 min,"Animation, Drama, Fantasy",7.8,83.0,"2,892,011",Animation,Drama,Fantasy
Remember the Titans,2000,U,113 min,"Biography, Drama, Sport",7.8,48.0,"115,654,751",Biography,Drama,Sport
Wo hu cang long,2000,UA,120 min,"Action, Adventure, Fantasy",7.8,94.0,"128,078,872",Action,Adventure,Fantasy
Todo sobre mi madre,1999,R,101 min,Drama,7.8,87.0,"8,264,530",Drama,,
Cast Away,2000,UA,143 min,"Adventure, Drama, Romance",7.8,73.0,"233,632,142",Adventure,Drama,Romance
The Boondock Saints,1999,R,108 min,"Action, Crime, Thriller",7.8,44.0,"25,812",Action,Crime,Thriller
The Insider,1999,UA,157 min,"Biography, Drama, Thriller",7.8,84.0,"28,965,197",Biography,Drama,Thriller
October Sky,1999,PG,108 min,"Biography, Drama, Family",7.8,71.0,"32,481,825",Biography,Drama,Family
Shrek,2001,U,90 min,"Animation, Adventure, Comedy",7.8,84.0,"267,665,011",Animation,Adventure,Comedy
Titanic,1997,UA,194 min,"Drama, Romance",7.8,75.0,"659,325,379",Drama,Romance,
Hana-bi,1997,,103 min,"Crime, Drama, Romance",7.8,,"233,986",Crime,Drama,Romance
Gattaca,1997,UA,106 min,"Drama, Sci-Fi, Thriller",7.8,64.0,"12,339,633",Drama,Sci-Fi,Thriller
The Game,1997,UA,129 min,"Action, Drama, Mystery",7.8,61.0,"48,323,648",Action,Drama,Mystery
Breaking the Waves,1996,R,159 min,Drama,7.8,76.0,"4,040,691",Drama,,
Ed Wood,1994,U,127 min,"Biography, Comedy, Drama",7.8,70.0,"5,887,457",Biography,Comedy,Drama
What's Eating Gilbert Grape,1993,U,118 min,Drama,7.8,73.0,"9,170,214",Drama,,
Tombstone,1993,R,130 min,"Action, Biography, Drama",7.8,50.0,"56,505,065",Action,Biography,Drama
The Sandlot,1993,U,101 min,"Comedy, Drama, Family",7.8,55.0,"32,416,586",Comedy,Drama,Family
The Remains of the Day,1993,U,134 min,"Drama, Romance",7.8,84.0,"22,954,968",Drama,Romance,
Naked,1993,,132 min,"Comedy, Drama",7.8,84.0,"1,769,305",Comedy,Drama,
The Fugitive,1993,U,130 min,"Action, Crime, Drama",7.8,87.0,"183,875,760",Action,Crime,Drama
A Bronx Tale,1993,R,121 min,"Crime, Drama, Romance",7.8,80.0,"17,266,971",Crime,Drama,Romance
Batman: Mask of the Phantasm,1993,PG,76 min,"Animation, Action, Crime",7.8,,"5,617,391",Animation,Action,Crime
Lat sau san taam,1992,R,128 min,"Action, Crime, Thriller",7.8,,,Action,Crime,Thriller
Night on Earth,1991,R,129 min,"Comedy, Drama",7.8,68.0,"2,015,810",Comedy,Drama,
La double vie de Véronique,1991,R,98 min,"Drama, Fantasy, Music",7.8,86.0,"1,999,955",Drama,Fantasy,Music
Boyz n the Hood,1991,A,112 min,"Crime, Drama",7.8,76.0,"57,504,069",Crime,Drama,
Misery,1990,R,107 min,"Drama, Thriller",7.8,75.0,"61,276,872",Drama,Thriller,
Awakenings,1990,U,121 min,"Biography, Drama",7.8,74.0,"52,096,475",Biography,Drama,
Majo no takkyûbin,1989,U,103 min,"Animation, Adventure, Drama",7.8,83.0,,Animation,Adventure,Drama
Glory,1989,R,122 min,"Biography, Drama, History",7.8,78.0,"26,830,000",Biography,Drama,History
Dip huet seung hung,1989,R,111 min,"Action, Crime, Drama",7.8,82.0,,Action,Crime,Drama
Back to the Future Part II,1989,U,108 min,"Adventure, Comedy, Sci-Fi",7.8,57.0,"118,500,000",Adventure,Comedy,Sci-Fi
Mississippi Burning,1988,A,128 min,"Crime, Drama, History",7.8,65.0,"34,603,943",Crime,Drama,History
Predator,1987,A,107 min,"Action, Adventure, Sci-Fi",7.8,45.0,"59,735,548",Action,Adventure,Sci-Fi
Evil Dead II,1987,A,84 min,"Action, Comedy, Fantasy",7.8,72.0,"5,923,044",Action,Comedy,Fantasy
Ferris Bueller's Day Off,1986,U,103 min,Comedy,7.8,61.0,"70,136,369",Comedy,,
Down by Law,1986,R,107 min,"Comedy, Crime, Drama",7.8,75.0,"1,436,000",Comedy,Crime,Drama
The Goonies,1985,U,114 min,"Adventure, Comedy, Family",7.8,62.0,"61,503,218",Adventure,Comedy,Family
The Color Purple,1985,U,154 min,Drama,7.8,78.0,"98,467,863",Drama,,
The Breakfast Club,1985,UA,97 min,"Comedy, Drama",7.8,66.0,"45,875,171",Comedy,Drama,
The Killing Fields,1984,UA,141 min,"Biography, Drama, History",7.8,76.0,"34,700,291",Biography,Drama,History
Ghostbusters,1984,UA,105 min,"Action, Comedy, Fantasy",7.8,71.0,"238,632,124",Action,Comedy,Fantasy
The Right Stuff,1983,PG,193 min,"Adventure, Biography, Drama",7.8,91.0,"21,500,000",Adventure,Biography,Drama
The King of Comedy,1982,U,109 min,"Comedy, Crime, Drama",7.8,73.0,"2,500,000",Comedy,Crime,Drama
E.T. the Extra-Terrestrial,1982,U,115 min,"Family, Sci-Fi",7.8,91.0,"435,110,554",Family,Sci-Fi,
Kramer vs. Kramer,1979,A,105 min,Drama,7.8,77.0,"106,260,000",Drama,,
Days of Heaven,1978,PG,94 min,"Drama, Romance",7.8,93.0,,Drama,Romance,
The Outlaw Josey Wales,1976,A,135 min,Western,7.8,69.0,"31,800,000",Western,,
The Man Who Would Be King,1975,PG,129 min,"Adventure, History, War",7.8,91.0,,Adventure,History,War
The Conversation,1974,U,113 min,"Drama, Mystery, Thriller",7.8,85.0,"4,420,000",Drama,Mystery,Thriller
La planète sauvage,1973,U,72 min,"Animation, Sci-Fi",7.8,73.0,"193,817",Animation,Sci-Fi,
The Day of the Jackal,1973,A,143 min,"Crime, Drama, Thriller",7.8,80.0,"16,056,255",Crime,Drama,Thriller
Badlands,1973,PG,94 min,"Action, Crime, Drama",7.8,93.0,,Action,Crime,Drama
Cabaret,1972,A,124 min,"Drama, Music, Musical",7.8,80.0,"42,765,000",Drama,Music,Musical
Willy Wonka & the Chocolate Factory,1971,U,100 min,"Family, Fantasy, Musical",7.8,67.0,"4,000,000",Family,Fantasy,Musical
Midnight Cowboy,1969,A,113 min,Drama,7.8,79.0,"44,785,053",Drama,,
Wait Until Dark,1967,,108 min,Thriller,7.8,81.0,"17,550,741",Thriller,,
Guess Who's Coming to Dinner,1967,,108 min,"Comedy, Drama",7.8,63.0,"56,700,000",Comedy,Drama,
Bonnie and Clyde,1967,A,111 min,"Action, Biography, Crime",7.8,86.0,,Action,Biography,Crime
My Fair Lady,1964,U,170 min,"Drama, Family, Musical",7.8,95.0,"72,000,000",Drama,Family,Musical
Mary Poppins,1964,U,139 min,"Comedy, Family, Fantasy",7.8,88.0,"102,272,727",Comedy,Family,Fantasy
The Longest Day,1962,G,178 min,"Action, Drama, History",7.8,75.0,"39,100,000",Action,Drama,History
Jules et Jim,1962,,105 min,"Drama, Romance",7.8,97.0,,Drama,Romance,
The Innocents,1961,A,100 min,Horror,7.8,88.0,"2,616,000",Horror,,
À bout de souffle,1960,U,90 min,"Crime, Drama",7.8,,"336,705",Crime,Drama,
Red River,1948,Passed,133 min,"Action, Adventure, Drama",7.8,,,Action,Adventure,Drama
Key Largo,1948,,100 min,"Action, Crime, Drama",7.8,,,Action,Crime,Drama
To Have and Have Not,1944,PG,100 min,"Adventure, Comedy, Film-Noir",7.8,,,Adventure,Comedy,Film-Noir
Shadow of a Doubt,1943,PG,108 min,"Film-Noir, Thriller",7.8,94.0,,Film-Noir,Thriller,
Stagecoach,1939,Passed,96 min,"Adventure, Drama, Western",7.8,93.0,,Adventure,Drama,Western
The Lady Vanishes,1938,,96 min,"Mystery, Thriller",7.8,98.0,,Mystery,Thriller,
Bringing Up Baby,1938,Passed,102 min,"Comedy, Family, Romance",7.8,91.0,,Comedy,Family,Romance
Bride of Frankenstein,1935,,75 min,"Drama, Horror, Sci-Fi",7.8,95.0,"4,360,000",Drama,Horror,Sci-Fi
Duck Soup,1933,,69 min,"Comedy, Musical, War",7.8,93.0,,Comedy,Musical,War
Scarface: The Shame of the Nation,1932,PG,93 min,"Action, Crime, Drama",7.8,87.0,,Action,Crime,Drama
Frankenstein,1931,Passed,70 min,"Drama, Horror, Sci-Fi",7.8,91.0,,Drama,Horror,Sci-Fi
Roma,2018,R,135 min,Drama,7.7,96.0,,Drama,,
God's Own Country,2017,,104 min,"Drama, Romance",7.7,85.0,"335,609",Drama,Romance,
Deadpool 2,2018,R,119 min,"Action, Adventure, Comedy",7.7,66.0,"324,591,735",Action,Adventure,Comedy
Wind River,2017,R,107 min,"Crime, Drama, Mystery",7.7,73.0,"33,800,859",Crime,Drama,Mystery
Get Out,2017,R,104 min,"Horror, Mystery, Thriller",7.7,85.0,"176,040,665",Horror,Mystery,Thriller
Mission: Impossible - Fallout,2018,UA,147 min,"Action, Adventure, Thriller",7.7,86.0,"220,159,104",Action,Adventure,Thriller
En man som heter Ove,2015,PG-13,116 min,"Comedy, Drama, Romance",7.7,70.0,"3,358,518",Comedy,Drama,Romance
What We Do in the Shadows,2014,R,86 min,"Comedy, Horror",7.7,76.0,"3,333,000",Comedy,Horror,
Omoide no Mânî,2014,U,103 min,"Animation, Drama, Family",7.7,72.0,"765,127",Animation,Drama,Family
The Theory of Everything,2014,U,123 min,"Biography, Drama, Romance",7.7,72.0,"35,893,537",Biography,Drama,Romance
Kingsman: The Secret Service,2014,A,129 min,"Action, Adventure, Comedy",7.7,60.0,"128,261,724",Action,Adventure,Comedy
The Fault in Our Stars,2014,UA,126 min,"Drama, Romance",7.7,69.0,"124,872,350",Drama,Romance,
Me and Earl and the Dying Girl,2015,PG-13,105 min,"Comedy, Drama",7.7,74.0,"6,743,776",Comedy,Drama,
Birdman or (The Unexpected Virtue of Ignorance),2014,A,119 min,"Comedy, Drama",7.7,87.0,"42,340,598",Comedy,Drama,
La vie d'Adèle,2013,A,180 min,"Drama, Romance",7.7,89.0,"2,199,675",Drama,Romance,
Kai po che!,2013,U,130 min,"Drama, Sport",7.7,40.0,"1,122,527",Drama,Sport,
The Broken Circle Breakdown,2012,,111 min,"Drama, Music, Romance",7.7,70.0,"175,058",Drama,Music,Romance
Captain America: The Winter Soldier,2014,UA,136 min,"Action, Adventure, Sci-Fi",7.7,70.0,"259,766,572",Action,Adventure,Sci-Fi
Rockstar,2011,UA,159 min,"Drama, Music, Musical",7.7,,"985,912",Drama,Music,Musical
Nebraska,2013,UA,115 min,"Adventure, Comedy, Drama",7.7,87.0,"17,654,912",Adventure,Comedy,Drama
Wreck-It Ralph,2012,U,101 min,"Animation, Adventure, Comedy",7.7,72.0,"189,422,889",Animation,Adventure,Comedy
Le Petit Prince,2015,PG,108 min,"Animation, Adventure, Drama",7.7,70.0,"1,339,152",Animation,Adventure,Drama
Detachment,2011,,98 min,Drama,7.7,52.0,"71,177",Drama,,
Midnight in Paris,2011,PG-13,96 min,"Comedy, Fantasy, Romance",7.7,81.0,"56,816,662",Comedy,Fantasy,Romance
The Lego Movie,2014,U,100 min,"Animation, Action, Adventure",7.7,83.0,"257,760,692",Animation,Action,Adventure
Gravity,2013,UA,91 min,"Drama, Sci-Fi, Thriller",7.7,96.0,"274,092,705",Drama,Sci-Fi,Thriller
Star Trek Into Darkness,2013,UA,132 min,"Action, Adventure, Sci-Fi",7.7,72.0,"228,778,661",Action,Adventure,Sci-Fi
Beasts of No Nation,2015,,137 min,"Drama, War",7.7,79.0,"83,861",Drama,War,
The Social Network,2010,UA,120 min,"Biography, Drama",7.7,95.0,"96,962,694",Biography,Drama,
X: First Class,2011,UA,131 min,"Action, Adventure, Sci-Fi",7.7,65.0,"146,408,305",Action,Adventure,Sci-Fi
The Hangover,2009,UA,100 min,Comedy,7.7,73.0,"277,322,503",Comedy,,
Skyfall,2012,UA,143 min,"Action, Adventure, Thriller",7.7,81.0,"304,360,277",Action,Adventure,Thriller
Silver Linings Playbook,2012,A,122 min,"Comedy, Drama, Romance",7.7,81.0,"132,092,958",Comedy,Drama,Romance
Argo,2012,A,120 min,"Biography, Drama, Thriller",7.7,86.0,"136,025,503",Biography,Drama,Thriller
(500) Days of Summer,2009,UA,95 min,"Comedy, Drama, Romance",7.7,76.0,"32,391,374",Comedy,Drama,Romance
Harry Potter and the Deathly Hallows: Part 1,2010,A,146 min,"Adventure, Family, Fantasy",7.7,65.0,"295,983,305",Adventure,Family,Fantasy
Gake no ue no Ponyo,2008,U,101 min,"Animation, Adventure, Comedy",7.7,86.0,"15,090,400",Animation,Adventure,Comedy
Frost/Nixon,2008,R,122 min,"Biography, Drama, History",7.7,80.0,"18,593,156",Biography,Drama,History
Papurika,2006,U,90 min,"Animation, Drama, Fantasy",7.7,81.0,"881,302",Animation,Drama,Fantasy
Changeling,2008,R,141 min,"Biography, Crime, Drama",7.7,63.0,"35,739,802",Biography,Crime,Drama
Flipped,2010,PG,90 min,"Comedy, Drama, Romance",7.7,45.0,"1,752,214",Comedy,Drama,Romance
Toki o kakeru shôjo,2006,U,98 min,"Animation, Adventure, Comedy",7.7,,,Animation,Adventure,Comedy
Death Note: Desu nôto,2006,,126 min,"Crime, Drama, Fantasy",7.7,,,Crime,Drama,Fantasy
This Is England,2006,,101 min,"Crime, Drama",7.7,86.0,"327,919",Crime,Drama,
Ex Machina,2014,UA,108 min,"Drama, Sci-Fi, Thriller",7.7,78.0,"25,442,958",Drama,Sci-Fi,Thriller
Efter brylluppet,2006,R,120 min,Drama,7.7,78.0,"412,544",Drama,,
The Last King of Scotland,2006,R,123 min,"Biography, Drama, History",7.7,74.0,"17,605,861",Biography,Drama,History
Zodiac,2007,UA,157 min,"Crime, Drama, Mystery",7.7,78.0,"33,080,084",Crime,Drama,Mystery
Lucky Number Slevin,2006,R,110 min,"Action, Crime, Drama",7.7,53.0,"22,494,487",Action,Crime,Drama
Joyeux Noël,2005,PG-13,116 min,"Drama, History, Music",7.7,70.0,"1,054,361",Drama,History,Music
Control,2007,R,122 min,"Biography, Drama, Music",7.7,78.0,"871,577",Biography,Drama,Music
Tangled,2010,U,100 min,"Animation, Adventure, Comedy",7.7,71.0,"200,821,936",Animation,Adventure,Comedy
Zwartboek,2006,R,145 min,"Drama, Thriller, War",7.7,71.0,"4,398,392",Drama,Thriller,War
Brokeback Mountain,2005,A,134 min,"Drama, Romance",7.7,87.0,"83,043,761",Drama,Romance,
3:10 to Yuma,2007,A,122 min,"Action, Crime, Drama",7.7,76.0,"53,606,916",Action,Crime,Drama
Crash,2004,UA,112 min,"Crime, Drama, Thriller",7.7,66.0,"54,580,300",Crime,Drama,Thriller
Kung fu,2004,UA,99 min,"Action, Comedy, Fantasy",7.7,78.0,"17,108,591",Action,Comedy,Fantasy
The Bourne Supremacy,2004,A,108 min,"Action, Mystery, Thriller",7.7,73.0,"176,241,941",Action,Mystery,Thriller
The Machinist,2004,R,101 min,"Drama, Thriller",7.7,61.0,"1,082,715",Drama,Thriller,
Ray,2004,A,152 min,"Biography, Drama, Music",7.7,73.0,"75,331,600",Biography,Drama,Music
Lost in Translation,2003,UA,102 min,"Comedy, Drama",7.7,89.0,"44,585,453",Comedy,Drama,
Harry Potter and the Goblet of Fire,2005,UA,157 min,"Adventure, Family, Fantasy",7.7,81.0,"290,013,036",Adventure,Family,Fantasy
Man on Fire,2004,UA,146 min,"Action, Crime, Drama",7.7,47.0,"77,911,774",Action,Crime,Drama
Coraline,2009,U,100 min,"Animation, Drama, Family",7.7,80.0,"75,286,229",Animation,Drama,Family
The Last Samurai,2003,UA,154 min,"Action, Drama",7.7,55.0,"111,110,575",Action,Drama,
The Magdalene Sisters,2002,R,114 min,Drama,7.7,83.0,"4,890,878",Drama,,
Good Bye Lenin!,2003,R,121 min,"Comedy, Drama, Romance",7.7,68.0,"4,064,200",Comedy,Drama,Romance
In America,2002,PG-13,105 min,Drama,7.7,76.0,"15,539,266",Drama,,
I Am Sam,2001,PG-13,132 min,Drama,7.7,28.0,"40,311,852",Drama,,
Adaptation.,2002,R,115 min,"Comedy, Drama",7.7,83.0,"22,245,861",Comedy,Drama,
Black Hawk Down,2001,A,144 min,"Drama, History, War",7.7,74.0,"108,638,745",Drama,History,War
Road to Perdition,2002,A,117 min,"Crime, Drama, Thriller",7.7,72.0,"104,454,762",Crime,Drama,Thriller
Das Experiment,2001,R,120 min,"Drama, Thriller",7.7,60.0,"141,072",Drama,Thriller,
Billy Elliot,2000,R,110 min,"Drama, Music",7.7,74.0,"21,995,263",Drama,Music,
Hedwig and the Angry Inch,2001,R,95 min,"Comedy, Drama, Music",7.7,85.0,"3,029,081",Comedy,Drama,Music
Ocean's Eleven,2001,UA,116 min,"Crime, Thriller",7.7,74.0,"183,417,150",Crime,Thriller,
Vampire Hunter D: Bloodlust,2000,U,103 min,"Animation, Action, Fantasy",7.7,62.0,"151,086",Animation,Action,Fantasy
"O Brother, Where Art Thou?",2000,U,107 min,"Adventure, Comedy, Crime",7.7,69.0,"45,512,588",Adventure,Comedy,Crime
Interstate 60: Episodes of the Road,2002,R,116 min,"Adventure, Comedy, Drama",7.7,,,Adventure,Comedy,Drama
"South Park: Bigger, Longer & Uncut",1999,A,81 min,"Animation, Comedy, Fantasy",7.7,73.0,"52,037,603",Animation,Comedy,Fantasy
Office Space,1999,R,89 min,Comedy,7.7,68.0,"10,824,921",Comedy,,
Happiness,1998,,134 min,"Comedy, Drama",7.7,81.0,"2,807,390",Comedy,Drama,
Training Day,2001,A,122 min,"Crime, Drama, Thriller",7.7,69.0,"76,631,907",Crime,Drama,Thriller
Rushmore,1998,UA,93 min,"Comedy, Drama, Romance",7.7,86.0,"17,105,219",Comedy,Drama,Romance
Abre los ojos,1997,U,119 min,"Drama, Mystery, Sci-Fi",7.7,,"368,234",Drama,Mystery,Sci-Fi
Being John Malkovich,1999,R,113 min,"Comedy, Drama, Fantasy",7.7,90.0,"22,858,926",Comedy,Drama,Fantasy
As Good as It Gets,1997,A,139 min,"Comedy, Drama, Romance",7.7,67.0,"148,478,011",Comedy,Drama,Romance
The Fifth Element,1997,UA,126 min,"Action, Adventure, Sci-Fi",7.7,52.0,"63,540,020",Action,Adventure,Sci-Fi
Le dîner de cons,1998,PG-13,80 min,Comedy,7.7,73.0,"4,065,116",Comedy,,
Donnie Brasco,1997,A,127 min,"Biography, Crime, Drama",7.7,76.0,"41,909,762",Biography,Crime,Drama
Shine,1996,U,105 min,"Biography, Drama, Music",7.7,87.0,"35,811,509",Biography,Drama,Music
Primal Fear,1996,A,129 min,"Crime, Drama, Mystery",7.7,47.0,"56,116,183",Crime,Drama,Mystery
Hamlet,1996,PG-13,242 min,Drama,7.7,,"4,414,535",Drama,,
A Little Princess,1995,U,97 min,"Drama, Family, Fantasy",7.7,83.0,"10,019,307",Drama,Family,Fantasy
Do lok tin si,1995,UA,99 min,"Comedy, Crime, Drama",7.7,71.0,,Comedy,Crime,Drama
Il postino,1994,U,108 min,"Biography, Comedy, Drama",7.7,81.0,"21,848,932",Biography,Comedy,Drama
Clerks,1994,R,92 min,Comedy,7.7,70.0,"3,151,130",Comedy,,
Short Cuts,1993,R,188 min,"Comedy, Drama",7.7,79.0,"6,110,979",Comedy,Drama,
Philadelphia,1993,UA,125 min,Drama,7.7,66.0,"77,324,422",Drama,,
The Muppet Christmas Carol,1992,G,85 min,"Comedy, Drama, Family",7.7,64.0,"27,281,507",Comedy,Drama,Family
Malcolm X,1992,U,202 min,"Biography, Drama, History",7.7,73.0,"48,169,908",Biography,Drama,History
The Last of the Mohicans,1992,UA,112 min,"Action, Adventure, Drama",7.7,76.0,"75,505,856",Action,Adventure,Drama
Kurenai no buta,1992,U,94 min,"Animation, Adventure, Comedy",7.7,83.0,,Animation,Adventure,Comedy
Glengarry Glen Ross,1992,R,100 min,"Crime, Drama, Mystery",7.7,82.0,"10,725,228",Crime,Drama,Mystery
A Few Good Men,1992,U,138 min,"Drama, Thriller",7.7,62.0,"141,340,178",Drama,Thriller,
Fried Green Tomatoes,1991,PG-13,130 min,Drama,7.7,64.0,"82,418,501",Drama,,
Barton Fink,1991,U,116 min,"Comedy, Drama, Thriller",7.7,69.0,"6,153,939",Comedy,Drama,Thriller
Miller's Crossing,1990,R,115 min,"Crime, Drama, Thriller",7.7,66.0,"5,080,409",Crime,Drama,Thriller
Who Framed Roger Rabbit,1988,U,104 min,"Animation, Adventure, Comedy",7.7,83.0,"156,452,370",Animation,Adventure,Comedy
Spoorloos,1988,,107 min,"Mystery, Thriller",7.7,,,Mystery,Thriller,
Withnail & I,1987,R,107 min,"Comedy, Drama",7.7,84.0,"1,544,889",Comedy,Drama,
The Last Emperor,1987,U,163 min,"Biography, Drama, History",7.7,76.0,"43,984,230",Biography,Drama,History
Empire of the Sun,1987,U,153 min,"Action, Drama, History",7.7,62.0,"22,238,696",Action,Drama,History
Der Name der Rose,1986,R,130 min,"Crime, Drama, Mystery",7.7,54.0,"7,153,487",Crime,Drama,Mystery
Blue Velvet,1986,A,120 min,"Drama, Mystery, Thriller",7.7,76.0,"8,551,228",Drama,Mystery,Thriller
The Purple Rose of Cairo,1985,U,82 min,"Comedy, Fantasy, Romance",7.7,75.0,"10,631,333",Comedy,Fantasy,Romance
After Hours,1985,UA,97 min,"Comedy, Crime, Drama",7.7,90.0,"10,600,000",Comedy,Crime,Drama
Zelig,1983,PG,79 min,Comedy,7.7,,"11,798,616",Comedy,,
The Verdict,1982,U,129 min,Drama,7.7,77.0,"54,000,000",Drama,,
Star Trek II: The Wrath of Khan,1982,U,113 min,"Action, Adventure, Sci-Fi",7.7,67.0,"78,912,963",Action,Adventure,Sci-Fi
First Blood,1982,A,93 min,"Action, Adventure",7.7,61.0,"47,212,904",Action,Adventure,
Ordinary People,1980,U,124 min,Drama,7.7,86.0,"54,800,000",Drama,,
Airplane!,1980,U,88 min,Comedy,7.7,78.0,"83,400,000",Comedy,,
Rupan sansei: Kariosutoro no shiro,1979,U,100 min,"Animation, Adventure, Family",7.7,71.0,,Animation,Adventure,Family
Halloween,1978,A,91 min,"Horror, Thriller",7.7,87.0,"47,000,000",Horror,Thriller,
Le locataire,1976,R,126 min,"Drama, Thriller",7.7,71.0,"1,924,733",Drama,Thriller,
Love and Death,1975,PG,85 min,"Comedy, War",7.7,89.0,,Comedy,War,
The Taking of Pelham One Two Three,1974,U,104 min,"Action, Crime, Thriller",7.7,68.0,,Action,Crime,Thriller
Blazing Saddles,1974,A,93 min,"Comedy, Western",7.7,73.0,"119,500,000",Comedy,Western,
Serpico,1973,A,130 min,"Biography, Crime, Drama",7.7,87.0,"29,800,000",Biography,Crime,Drama
Enter the Dragon,1973,A,102 min,"Action, Crime, Drama",7.7,83.0,"25,000,000",Action,Crime,Drama
Deliverance,1972,U,109 min,"Adventure, Drama, Thriller",7.7,80.0,"7,056,013",Adventure,Drama,Thriller
The French Connection,1971,A,104 min,"Action, Crime, Drama",7.7,94.0,"15,630,710",Action,Crime,Drama
Dirty Harry,1971,A,102 min,"Action, Crime, Thriller",7.7,90.0,"35,900,000",Action,Crime,Thriller
Where Eagles Dare,1968,U,158 min,"Action, Adventure, War",7.7,63.0,,Action,Adventure,War
The Odd Couple,1968,G,105 min,Comedy,7.7,86.0,"44,527,234",Comedy,,
The Dirty Dozen,1967,,150 min,"Action, Adventure, War",7.7,73.0,"45,300,000",Action,Adventure,War
Belle de jour,1967,A,100 min,"Drama, Romance",7.7,,"26,331",Drama,Romance,
A Man for All Seasons,1966,U,120 min,"Biography, Drama, History",7.7,72.0,"28,350,000",Biography,Drama,History
Repulsion,1965,,105 min,"Drama, Horror, Thriller",7.7,91.0,,Drama,Horror,Thriller
Zulu,1964,U,138 min,"Drama, History, War",7.7,77.0,,Drama,History,War
Goldfinger,1964,A,110 min,"Action, Adventure, Thriller",7.7,87.0,"51,081,062",Action,Adventure,Thriller
The Birds,1963,A,119 min,"Drama, Horror, Mystery",7.7,90.0,"11,403,529",Drama,Horror,Mystery
Cape Fear,1962,Passed,106 min,"Drama, Thriller",7.7,76.0,,Drama,Thriller,
Peeping Tom,1960,,101 min,"Drama, Horror, Thriller",7.7,,"83,957",Drama,Horror,Thriller
The Magnificent Seven,1960,Approved,128 min,"Action, Adventure, Western",7.7,74.0,"4,905,000",Action,Adventure,Western
Les yeux sans visage,1960,,90 min,"Drama, Horror",7.7,90.0,"52,709",Drama,Horror,
Invasion of the Body Snatchers,1956,Approved,80 min,"Drama, Horror, Sci-Fi",7.7,92.0,,Drama,Horror,Sci-Fi
Rebel Without a Cause,1955,PG-13,111 min,Drama,7.7,89.0,,Drama,,
The Ladykillers,1955,,91 min,"Comedy, Crime",7.7,91.0,,Comedy,Crime,
Sabrina,1954,Passed,113 min,"Comedy, Drama, Romance",7.7,72.0,,Comedy,Drama,Romance
The Quiet Man,1952,Passed,129 min,"Comedy, Drama, Romance",7.7,,"10,550,000",Comedy,Drama,Romance
The Day the Earth Stood Still,1951,U,92 min,"Drama, Sci-Fi",7.7,,,Drama,Sci-Fi,
The African Queen,1951,PG,105 min,"Adventure, Drama, Romance",7.7,91.0,"536,118",Adventure,Drama,Romance
Gilda,1946,Approved,110 min,"Drama, Film-Noir, Romance",7.7,,,Drama,Film-Noir,Romance
Fantasia,1940,G,125 min,"Animation, Family, Fantasy",7.7,96.0,"76,408,097",Animation,Family,Fantasy
The Invisible Man,1933,TV-PG,71 min,"Horror, Sci-Fi",7.7,87.0,,Horror,Sci-Fi,
Dark Waters,2019,PG-13,126 min,"Biography, Drama, History",7.6,73.0,,Biography,Drama,History
Searching,2018,U/A,102 min,"Drama, Mystery, Thriller",7.6,71.0,"26,020,957",Drama,Mystery,Thriller
Once Upon a Time... in Hollywood,2019,A,161 min,"Comedy, Drama",7.6,83.0,"142,502,728",Comedy,Drama,
Nelyubov,2017,R,127 min,Drama,7.6,86.0,"566,356",Drama,,
The Florida Project,2017,A,111 min,Drama,7.6,92.0,"5,904,366",Drama,,
Just Mercy,2019,A,137 min,"Biography, Crime, Drama",7.6,68.0,,Biography,Crime,Drama
Gifted,2017,PG-13,101 min,Drama,7.6,60.0,"24,801,212",Drama,,
The Peanut Butter Falcon,2019,PG-13,97 min,"Adventure, Comedy, Drama",7.6,70.0,"13,122,642",Adventure,Comedy,Drama
Victoria,2015,,138 min,"Crime, Drama, Romance",7.6,77.0,,Crime,Drama,Romance
Mustang,2015,PG-13,97 min,Drama,7.6,83.0,"845,464",Drama,,
Guardians of the Galaxy Vol. 2,2017,UA,136 min,"Action, Adventure, Comedy",7.6,67.0,"389,813,101",Action,Adventure,Comedy
Baby Driver,2017,UA,113 min,"Action, Crime, Drama",7.6,86.0,"107,825,862",Action,Crime,Drama
Only the Brave,2017,UA,134 min,"Action, Biography, Drama",7.6,72.0,"18,340,051",Action,Biography,Drama
Bridge of Spies,2015,UA,142 min,"Drama, History, Thriller",7.6,81.0,"72,313,754",Drama,History,Thriller
Incredibles 2,2018,UA,118 min,"Animation, Action, Adventure",7.6,80.0,"608,581,744",Animation,Action,Adventure
Moana,2016,U,107 min,"Animation, Adventure, Comedy",7.6,81.0,"248,757,044",Animation,Adventure,Comedy
Sicario,2015,A,121 min,"Action, Crime, Drama",7.6,82.0,"46,889,293",Action,Crime,Drama
Creed,2015,A,133 min,"Drama, Sport",7.6,82.0,"109,767,581",Drama,Sport,
Leviafan,2014,R,140 min,"Crime, Drama",7.6,92.0,"1,092,800",Crime,Drama,
Hell or High Water,2016,R,102 min,"Action, Crime, Drama",7.6,88.0,"26,862,450",Action,Crime,Drama
Philomena,2013,PG-13,98 min,"Biography, Comedy, Drama",7.6,77.0,"37,707,719",Biography,Comedy,Drama
Dawn of the Planet of the Apes,2014,UA,130 min,"Action, Adventure, Drama",7.6,79.0,"208,545,589",Action,Adventure,Drama
El cuerpo,2012,,112 min,"Mystery, Thriller",7.6,,,Mystery,Thriller,
Serbuan maut,2011,A,101 min,"Action, Thriller",7.6,73.0,"4,105,123",Action,Thriller,
End of Watch,2012,A,109 min,"Action, Crime, Drama",7.6,68.0,"41,003,371",Action,Crime,Drama
Kari-gurashi no Arietti,2010,U,94 min,"Animation, Adventure, Family",7.6,80.0,"19,202,743",Animation,Adventure,Family
A Star Is Born,2018,UA,136 min,"Drama, Music, Romance",7.6,88.0,"215,288,866",Drama,Music,Romance
True Grit,2010,PG-13,110 min,"Drama, Western",7.6,80.0,"171,243,005",Drama,Western,
Hævnen,2010,R,118 min,"Drama, Romance",7.6,65.0,"1,008,098",Drama,Romance,
Despicable Me,2010,U,95 min,"Animation, Comedy, Crime",7.6,72.0,"251,513,985",Animation,Comedy,Crime
50/50,2011,R,100 min,"Comedy, Drama, Romance",7.6,72.0,"35,014,192",Comedy,Drama,Romance
Kick-Ass,2010,UA,117 min,"Action, Comedy, Crime",7.6,66.0,"48,071,303",Action,Comedy,Crime
Celda 211,2009,,113 min,"Action, Adventure, Crime",7.6,,,Action,Adventure,Crime
Moneyball,2011,PG-13,133 min,"Biography, Drama, Sport",7.6,87.0,"75,605,492",Biography,Drama,Sport
La piel que habito,2011,R,120 min,"Drama, Horror, Thriller",7.6,70.0,"3,185,812",Drama,Horror,Thriller
Zombieland,2009,A,88 min,"Adventure, Comedy, Fantasy",7.6,73.0,"75,590,286",Adventure,Comedy,Fantasy
Die Welle,2008,,107 min,"Drama, Thriller",7.6,,,Drama,Thriller,
Sherlock Holmes,2009,PG-13,128 min,"Action, Adventure, Mystery",7.6,57.0,"209,028,679",Action,Adventure,Mystery
The Blind Side,2009,UA,129 min,"Biography, Drama, Sport",7.6,53.0,"255,959,475",Biography,Drama,Sport
The Visitor,2007,PG-13,104 min,Drama,7.6,79.0,"9,422,422",Drama,,
Seven Pounds,2008,UA,123 min,Drama,7.6,36.0,"69,951,824",Drama,,
Eastern Promises,2007,R,100 min,"Action, Crime, Drama",7.6,82.0,"17,114,882",Action,Crime,Drama
Stardust,2007,U,127 min,"Adventure, Family, Fantasy",7.6,66.0,"38,634,938",Adventure,Family,Fantasy
The Secret of Kells,2009,,71 min,"Animation, Adventure, Family",7.6,81.0,"686,383",Animation,Adventure,Family
Inside Man,2006,R,129 min,"Crime, Drama, Mystery",7.6,76.0,"88,513,495",Crime,Drama,Mystery
Gone Baby Gone,2007,R,114 min,"Crime, Drama, Mystery",7.6,72.0,"20,300,218",Crime,Drama,Mystery
La Vie En Rose,2007,PG-13,140 min,"Biography, Drama, Music",7.6,66.0,"10,301,706",Biography,Drama,Music
Huo Yuan Jia,2006,PG-13,104 min,"Action, Biography, Drama",7.6,70.0,"24,633,730",Action,Biography,Drama
The Illusionist,2006,U,110 min,"Drama, Fantasy, Mystery",7.6,68.0,"39,868,642",Drama,Fantasy,Mystery
Dead Man's Shoes,2004,,90 min,"Crime, Drama, Thriller",7.6,52.0,"6,013",Crime,Drama,Thriller
Harry Potter and the Half-Blood Prince,2009,UA,153 min,"Action, Adventure, Family",7.6,78.0,"301,959,197",Action,Adventure,Family
300,2006,A,117 min,"Action, Drama",7.6,52.0,"210,614,939",Action,Drama,
Match Point,2005,R,124 min,"Drama, Romance, Thriller",7.6,72.0,"23,089,926",Drama,Romance,Thriller
Watchmen,2009,A,162 min,"Action, Drama, Mystery",7.6,56.0,"107,509,799",Action,Drama,Mystery
Lord of War,2005,R,122 min,"Action, Crime, Drama",7.6,62.0,"24,149,632",Action,Crime,Drama
Saw,2004,UA,103 min,"Horror, Mystery, Thriller",7.6,46.0,"56,000,369",Horror,Mystery,Thriller
"Synecdoche, New York",2008,R,124 min,Drama,7.6,67.0,"3,081,925",Drama,,
Mysterious Skin,2004,R,105 min,Drama,7.6,73.0,"697,181",Drama,,
Jeux d'enfants,2003,R,93 min,"Comedy, Drama, Romance",7.6,45.0,"548,707",Comedy,Drama,Romance
Un long dimanche de fiançailles,2004,U,133 min,"Drama, Mystery, Romance",7.6,76.0,"6,167,817",Drama,Mystery,Romance
The Station Agent,2003,R,89 min,"Comedy, Drama",7.6,81.0,"5,739,376",Comedy,Drama,
21 Grams,2003,UA,124 min,"Crime, Drama, Thriller",7.6,70.0,"16,290,476",Crime,Drama,Thriller
Boksuneun naui geot,2002,R,129 min,"Crime, Drama, Thriller",7.6,56.0,"45,289",Crime,Drama,Thriller
Finding Neverland,2004,U,106 min,"Biography, Drama, Family",7.6,67.0,"51,680,613",Biography,Drama,Family
25th Hour,2002,R,135 min,Drama,7.6,68.0,"13,060,843",Drama,,
The Butterfly Effect,2004,U,113 min,"Drama, Sci-Fi, Thriller",7.6,30.0,"57,938,693",Drama,Sci-Fi,Thriller
28 Days Later...,2002,A,113 min,"Drama, Horror, Sci-Fi",7.6,73.0,"45,064,915",Drama,Horror,Sci-Fi
Batoru rowaiaru,2000,,114 min,"Action, Adventure, Drama",7.6,81.0,,Action,Adventure,Drama
The Royal Tenenbaums,2001,A,110 min,"Comedy, Drama",7.6,76.0,"52,364,010",Comedy,Drama,
Y tu mamá también,2001,A,106 min,Drama,7.6,88.0,"13,622,333",Drama,,
Harry Potter and the Sorcerer's Stone,2001,U,152 min,"Adventure, Family, Fantasy",7.6,64.0,"317,575,550",Adventure,Family,Fantasy
The Others,2001,PG-13,101 min,"Horror, Mystery, Thriller",7.6,74.0,"96,522,687",Horror,Mystery,Thriller
Blow,2001,R,124 min,"Biography, Crime, Drama",7.6,52.0,"52,990,775",Biography,Crime,Drama
Enemy at the Gates,2001,A,131 min,"Drama, History, War",7.6,53.0,"51,401,758",Drama,History,War
Minority Report,2002,A,145 min,"Action, Crime, Mystery",7.6,80.0,"132,072,926",Action,Crime,Mystery
The Hurricane,1999,R,146 min,"Biography, Drama, Sport",7.6,74.0,"50,668,906",Biography,Drama,Sport
American Psycho,2000,A,101 min,"Comedy, Crime, Drama",7.6,64.0,"15,070,285",Comedy,Crime,Drama
Lola rennt,1998,UA,81 min,"Crime, Drama, Thriller",7.6,77.0,"7,267,585",Crime,Drama,Thriller
The Thin Red Line,1998,A,170 min,"Drama, War",7.6,78.0,"36,400,491",Drama,War,
Mulan,1998,U,88 min,"Animation, Adventure, Family",7.6,71.0,"120,620,254",Animation,Adventure,Family
Fear and Loathing in Las Vegas,1998,R,118 min,"Adventure, Comedy, Drama",7.6,41.0,"10,680,275",Adventure,Comedy,Drama
Funny Games,1997,A,108 min,"Crime, Drama, Thriller",7.6,69.0,,Crime,Drama,Thriller
Dark City,1998,A,100 min,"Mystery, Sci-Fi, Thriller",7.6,66.0,"14,378,331",Mystery,Sci-Fi,Thriller
Sleepers,1996,UA,147 min,"Crime, Drama, Thriller",7.6,49.0,"49,100,000",Crime,Drama,Thriller
Lost Highway,1997,A,134 min,"Mystery, Thriller",7.6,52.0,"3,796,699",Mystery,Thriller,
Sense and Sensibility,1995,U,136 min,"Drama, Romance",7.6,84.0,"43,182,776",Drama,Romance,
Die Hard: With a Vengeance,1995,A,128 min,"Action, Adventure, Thriller",7.6,58.0,"100,012,499",Action,Adventure,Thriller
Dead Man,1995,R,121 min,"Adventure, Drama, Fantasy",7.6,62.0,"1,037,847",Adventure,Drama,Fantasy
The Bridges of Madison County,1995,A,135 min,"Drama, Romance",7.6,69.0,"71,516,617",Drama,Romance,
Apollo 13,PG,U,140 min,"Adventure, Drama, History",7.6,77.0,"173,837,933",Adventure,Drama,History
Trois couleurs: Blanc,1994,U,92 min,"Comedy, Drama, Romance",7.6,88.0,"1,464,625",Comedy,Drama,Romance
Falling Down,1993,R,113 min,"Action, Crime, Drama",7.6,56.0,"40,903,593",Action,Crime,Drama
Dazed and Confused,1993,U,102 min,Comedy,7.6,78.0,"7,993,039",Comedy,,
My Cousin Vinny,1992,UA,120 min,"Comedy, Crime",7.6,68.0,"52,929,168",Comedy,Crime,
Omohide poro poro,1991,U,118 min,"Animation, Drama, Romance",7.6,90.0,"453,243",Animation,Drama,Romance
Delicatessen,1991,R,99 min,"Comedy, Crime",7.6,66.0,"1,794,187",Comedy,Crime,
Home Alone,1990,U,103 min,"Comedy, Family",7.6,63.0,"285,761,243",Comedy,Family,
The Godfather: Part III,1990,A,162 min,"Crime, Drama",7.6,60.0,"66,666,062",Crime,Drama,
When Harry Met Sally...,1989,UA,95 min,"Comedy, Drama, Romance",7.6,76.0,"92,823,600",Comedy,Drama,Romance
The Little Mermaid,1989,U,83 min,"Animation, Family, Fantasy",7.6,88.0,"111,543,479",Animation,Family,Fantasy
The Naked Gun: From the Files of Police Squad!,1988,U,85 min,"Comedy, Crime",7.6,76.0,"78,756,177",Comedy,Crime,
"Planes, Trains & Automobiles",1987,U,93 min,"Comedy, Drama",7.6,72.0,"49,530,280",Comedy,Drama,
Lethal Weapon,1987,A,109 min,"Action, Crime, Thriller",7.6,68.0,"65,207,127",Action,Crime,Thriller
Blood Simple,1984,A,99 min,"Crime, Drama, Thriller",7.6,82.0,"2,150,000",Crime,Drama,Thriller
On Golden Pond,1981,UA,109 min,Drama,7.6,68.0,"119,285,432",Drama,,
Mad Max 2,1981,A,96 min,"Action, Adventure, Sci-Fi",7.6,77.0,"12,465,371",Action,Adventure,Sci-Fi
The Warriors,1979,UA,92 min,"Action, Crime, Thriller",7.6,65.0,"22,490,039",Action,Crime,Thriller
The Muppet Movie,1979,U,95 min,"Adventure, Comedy, Family",7.6,74.0,"76,657,000",Adventure,Comedy,Family
Escape from Alcatraz,1979,A,112 min,"Action, Biography, Crime",7.6,76.0,"43,000,000",Action,Biography,Crime
Watership Down,1978,U,91 min,"Animation, Adventure, Drama",7.6,64.0,,Animation,Adventure,Drama
Midnight Express,1978,A,121 min,"Biography, Crime, Drama",7.6,59.0,"35,000,000",Biography,Crime,Drama
Close Encounters of the Third Kind,1977,U,138 min,"Drama, Sci-Fi",7.6,90.0,"132,088,635",Drama,Sci-Fi,
The Long Goodbye,1973,A,112 min,"Comedy, Crime, Drama",7.6,87.0,"959,000",Comedy,Crime,Drama
Giù la testa,1971,PG,157 min,"Drama, War, Western",7.6,77.0,"696,690",Drama,War,Western
Kelly's Heroes,1970,GP,144 min,"Adventure, Comedy, War",7.6,50.0,"1,378,435",Adventure,Comedy,War
The Jungle Book,1967,U,78 min,"Animation, Adventure, Family",7.6,65.0,"141,843,612",Animation,Adventure,Family
Blowup,1966,A,111 min,"Drama, Mystery, Thriller",7.6,82.0,,Drama,Mystery,Thriller
A Hard Day's Night,1964,U,87 min,"Comedy, Music, Musical",7.6,96.0,"13,780,024",Comedy,Music,Musical
Breakfast at Tiffany's,1961,A,115 min,"Comedy, Drama, Romance",7.6,76.0,,Comedy,Drama,Romance
Giant,1956,G,201 min,"Drama, Western",7.6,84.0,,Drama,Western,
From Here to Eternity,1953,Passed,118 min,"Drama, Romance, War",7.6,85.0,"30,500,000",Drama,Romance,War
Lifeboat,1944,,97 min,"Drama, War",7.6,78.0,,Drama,War,
The 39 Steps,1935,,86 min,"Crime, Mystery, Thriller",7.6,93.0,,Crime,Mystery,Thriller
